Player frame,Enemy Frame,Player TID/SID,Enemy TID/SID,Species,Held Item,Moves,Pokeball,Egg,Enemy Mon
3575,9,22916 40353,61120 64341,0xb66a,0x66f4,0xb72c 0x6626 0xb723 0x66fa,8,1,Yasu Ninjask
3575,18,22916 40353,15054 4759,0x6273,0x8f36,0x6387 0x8fcc 0x627c 0x8e56,2,0,Jonah Wailmer 3
3575,21,22916 40353,13662 49815,0x6c6b,0x5f36,0x6cbf 0x5f52 0x6dcb 0x5fce,10,1,Alex Natu
3575,23,22916 40353,2513 50333,0x5055,0x593c,0x5023 0x593c 0x58c0 0x593c,1,1,Johanna Goldeen
3575,37,22916 40353,21131 57485,0x0a3d,0x7d2c,0x0b48 0x7d0d 0x0b41 0x7d65,4,1,Lydia Shroomish
3575,37,22916 40353,21131 57485,0x0b0f,0x7d2c,0x0a3d 0x7d2c 0x0d38 0x7d2c,3,1,Robin Shroomish
3575,81,22916 40353,6846 61148,0x420f,0x737d,0x430d 0x734d 0x432b 0x734b,6,1,Denise Wingull
3575,81,22916 40353,6846 61148,0x433a,0x737d,0x4270 0x737d 0xe33a 0x737d,6,1,Reed Carvanha 1-2
3575,82,22916 40353,61148 1531,0xb63e,0x985a,0xb777 0x9845 0xb783 0x9916,2,0,Kim & Iris Swablu
3575,95,22916 40353,24939 27258,0x399d,0xf7db,0x38ee 0xf726 0x38ef 0xf7db,1,1,Karen Whismur
3575,109,22916 40353,53601 35013,0x88e5,0x1564,0x88ad 0x1564 0x1993 0x1564,2,0,Henry Tentacool
3575,118,22916 40353,4099 50558,0x480f,0x58df,0x49ef 0x58bb 0x48dc 0x5881,8,1,Tammy Ralts
3575,123,22916 40353,56847 27030,0x8603,0xf437,0x87a6 0xf46a 0x87e3 0xf453,8,1,Ted Ralts
3575,141,22916 40353,3127 13664,0x55b3,0xa8c1,0x55f8 0xa8c1 0xd48f 0xa8c1,2,0,Ruben Graveler
3575,162,22916 40353,55934 16862,0x829f,0xdc7f,0x8350 0xdd24 0x8372 0xdc8b,3,1,Michelle Medicham
3575,168,22916 40353,55427 53248,0x8036,0x4da1,0x8173 0x4dc3 0x8116 0x4dc9,9,1,Chester/Benny Swellow
3575,168,22916 40353,55427 53248,0x8185,0x4da1,0x8122 0x4d8d 0x8155 0x4d8a,9,1,Rodney Gyarados
3575,168,22916 40353,55427 53248,0x8107,0x4da1,0x8185 0x4da1 0x3eed 0x4da1,9,1,Jack Gyarados
3575,168,22916 40353,55427 53248,0x8107,0x4da1,0x8185 0x4da1 0x3eed 0x4da1,9,1,Ronald Gyarados 1
3575,174,22916 40353,13260 63303,0x6a48,0x6ae6,0x6aff 0x6ae6 0x6968 0x6ae6,2,1,Janice Marill
3575,174,22916 40353,13260 63303,0x6a48,0x6ae6,0x6bc3 0x6ae6 0xbb11 0x6ae6,9,1,Aaron Bagon
3575,181,22916 40353,29836 59671,0x2c47,0x74b6,0x2df4 0x74a4 0x2c12 0x75bf,12,1,Kiyo Makuhita 1-2
3575,190,22916 40353,31942 21581,0x2462,0xc9ec,0x2563 0xc9c1 0x2565 0xc9f1,9,1,Isaac Zigzagoon
3575,194,22916 40353,47147 61658,0xe0c8,0x6d7b,0xe174 0x6d4d 0xe18b 0x6d9a,9,1,Nicolas Altaria 1-2
3575,194,22916 40353,47147 61658,0xe0e0,0x6d7b,0xe08b 0x6d92 0xe153 0x6d69,9,1,Yuji Makuhita
3575,201,22916 40353,48170 57406,0xe4ca,0x7d9f,0xe5ce 0x7dc2 0xe56b 0x7d72,8,1,Cyndy Meditite
3575,236,22916 40353,6716 3619,0x43b8,0x9382,0x43f8 0x9382 0x9eec 0x9382,1,0,Alexis Kadabra
3575,246,22916 40353,8121 51683,0x463d,0x5442,0x4616 0x5442 0x4fda 0x5442,8,1,Sally Oddish
3575,251,22916 40353,23113 44730,0x02e3,0x331b,0x03a5 0x33c9 0x03aa 0x3315,6,0,Kent Ninjask
3575,267,22916 40353,54281 26126,0x8cb8,0xfbaf,0x8dbd 0xfbbe 0x8dbb 0xfbcd,1,1,Chad Wingull
3575,291,22916 40353,50348 44205,0x9d28,0x310c,0x9da9 0x310c 0xd163 0x310c,6,0,Austin Magikarp
3575,301,22916 40353,1982 29394,0x5e79,0xef73,0x5e38 0xef36 0x5efb 0xee64,5,1,Yuji Machoke
3575,309,22916 40353,21326 29995,0x0be2,0xe88a,0x0ae7 0xe8cd 0x0bc1 0xe876,4,1,Nancy Lombre
3575,313,22916 40353,50975 10597,0x9fb7,0xb4c4,0x9e9a 0xb4ae 0x9ed1 0xb5cf,2,0,Ruben Shiftry
3575,317,22916 40353,28609 28403,0x373d,0xf3dc,0x3709 0xf273 0x364b 0xf3f1,6,1,Sidney Absol
3575,319,22916 40353,65504 57373,0xa751,0x7dbc,0xa649 0x7d8b 0xa654 0x7dad,5,1,Paul Wingull
3575,321,22916 40353,54900 38013,0x8e9e,0x09dc,0x8ef8 0x08c5 0x8edf 0x0965,2,0,Kate & Joy Slaking
3575,330,22916 40353,24143 9180,0x06f9,0xbe7d,0x0785 0xbe34 0x0783 0xbe60,8,0,Violet Shroomish
3575,348,22916 40353,46730 33268,0xef5f,0x1c55,0xee31 0x1c74 0xef5a 0x1c65,3,0,Dalton Magnemite 1+3
3575,353,22916 40353,58488 59200,0xbc9b,0x7ae1,0xbd27 0x7ad7 0xbdd8 0x7a00,2,1,Nicolas Altaria 1-2
3575,354,22916 40353,59200 58434,0xbe76,0x79e3,0xbea1 0x7987 0xbfd5 0x791b,12,1,Benny Xatu
3575,370,22916 40353,40164 2301,0xc523,0x955c,0xc5a1 0x944b 0xc589 0x951e,1,0,Phillip Machoke
3575,380,22916 40353,52532 26226,0x94dd,0xfbd3,0x943b 0xfbf2 0x94cb 0xfbab,7,1,Lao Koffing 1+3
3575,390,22916 40353,27756 57565,0x34a3,0x7d7c,0x359c 0x7dc4 0x351a 0x7d1b,5,1,Jonah Sharpedo
3575,391,22916 40353,57565 31501,0xb959,0xe6ac,0xb860 0xe6ac 0xb7cd 0xe6ac,8,1,Wilton Wailmer
3575,403,22916 40353,61916 10538,0xa811,0xb48b,0xa86b 0xb4b6 0xa87b 0xb4fb,2,0,Phillip Tentacruel
3575,410,22916 40353,58966 26198,0xbefa,0xfbf7,0xbfff 0xfbb0 0xbed9 0xfb0b,2,1,Nancy Lombre
3575,457,22916 40353,54196 16557,0x8b75,0xdd0c,0x8a07 0xdd6d 0x8a14 0xddd9,9,1,Dana/Laurel/Tisha Luvdisc
3575,509,22916 40353,8951 25013,0x7a42,0xfc14,0x7b11 0xfc05 0x7b1b 0xfd0f,9,1,Alex Swellow
3575,514,22916 40353,53242 28635,0x9700,0xf27a,0x96c3 0xf267 0x9696 0xf334,2,1,Steve/Dillon Aron
3575,519,22916 40353,51448 54361,0x9052,0x49f8,0x9114 0x492a 0x911b 0x49f6,1,1,Kent Ninjask
3575,519,22916 40353,51448 54361,0x917c,0x49f8,0x91cb 0x49f8 0xf71a 0x49f8,1,1,Nikki Marill
3575,528,22916 40353,38281 64573,0xcc79,0x619c,0xcc9c 0x61f0 0xcc26 0x61ab,1,1,Tara Horsea
3575,532,22916 40353,13293 27063,0x6a69,0xf416,0x6b16 0xf416 0xca69 0xf416,6,1,Mark Lairon
3575,541,22916 40353,48292 47081,0xe400,0x2a48,0xe50d 0x2a6f 0xe53d 0x2a54,1,0,Eddie Zigzagoon 2
3575,544,22916 40353,1305 26054,0x5dcf,0xf867,0x5c4c 0xf95b 0x5cb3 0xf84b,5,1,Albert Manectric
3575,544,22916 40353,1305 26054,0x5da6,0xf8ec,0x5d8f 0xf8ab 0x5c24 0xf8b0,8,1,Colton Skitty 2
3575,568,22916 40353,32596 31452,0x26d0,0xe77d,0x26a8 0xe77d 0x993a 0xe77d,1,1,Cody/Jack Staryu
3575,590,22916 40353,47872 14476,0xe3df,0xa52d,0xe2f5 0xa5df 0xe386 0xa517,1,0,Glacia Glalie 1
3575,592,22916 40353,34110 59600,0xdcf2,0x7571,0xdc92 0x7541 0xdcba 0x7571,1,1,Elliot Tentacool
3575,609,22916 40353,64875 61023,0xa4ac,0x73fe,0xa4ed 0x73bb 0xa42e 0x72e9,8,1,Duncan Machoke
3575,622,22916 40353,9294 30609,0x7cf8,0xea30,0x7deb 0xea7e 0x7d83 0xea78,12,1,Irene Shroomish
3575,622,22916 40353,9294 30609,0x7cfb,0xea30,0x7da8 0xea21 0x7da2 0xeb2b,12,1,Byron Swellow
3575,628,22916 40353,55431 13950,0x8035,0xabdf,0x8112 0xabef 0x8135 0xab69,2,0,Alex Pelipper
3575,629,22916 40353,13950 55880,0x6e85,0x47e9,0x6fde 0x470e 0x6f4c 0x46d6,8,1,Elaine Lairon
3575,649,22916 40353,10331 58410,0x7081,0x798b,0x7149 0x7947 0x71f8 0x791a,1,1,Lola Azurill 1-2
3575,651,22916 40353,22636 26871,0x01e8,0xf556,0x006a 0xf556 0x71a9 0xf556,8,1,Lois & Hal Volbeat
3575,651,22916 40353,22636 26871,0x01e8,0xf556,0x0063 0xf556 0xd0b1 0xf556,4,1,Aaron Bagon
3575,657,22916 40353,43395 25284,0xf007,0xff65,0xf0b0 0xff65 0xe568 0xff65,3,1,Nancy Marill
3575,660,22916 40353,26854 26167,0x304e,0xfb96,0x3163 0xfbfc 0x3128 0xfa9d,4,1,Vito Shiftry
3575,697,22916 40353,37995 44069,0xcdef,0x3184,0xcdc4 0x3184 0xc408 0x3184,2,0,Sally Oddish
3575,700,22916 40353,19672 8539,0x155c,0xbcfa,0x151e 0xbcfa 0x1310 0xbcfa,5,0,Huey Machop
3575,700,22916 40353,19672 8539,0x142f,0xbcfa,0x146a 0xbdaa 0x156c 0xbced,3,0,Gabby & Ty 3 Loudred
3575,727,22916 40353,64527 64008,0xa5c9,0x67a9,0xa5c8 0x6782 0xa5ff 0x67ab,8,1,Brice Machop
3575,734,22916 40353,61143 17654,0xb637,0xd957,0xb733 0xd90a 0xb796 0xd9ba,10,1,Cyndy Meditite
3575,774,22916 40353,40836 25817,0xc600,0xf978,0xc73d 0xf978 0x9300 0xf978,11,1,Jessica Kecleon
3575,774,22916 40353,40836 25817,0xc6db,0xf978,0xc634 0xf920 0xc66a 0xf9fd,1,1,Warren Magcargo
3575,780,22916 40353,54382 36901,0x8dea,0x0d84,0x8cda 0x0d84 0x8cd0 0x0d84,1,0,Billy Taillow
3575,780,22916 40353,54382 36901,0x8dea,0x0d84,0x8db8 0x0d84 0x018b 0x0d84,2,0,Gabby & Ty 4 Magneton
3575,782,22916 40353,40296 3061,0xc5de,0x9654,0xc4cd 0x961a 0xc4a5 0x961c,2,0,Diana Shroomish
3575,792,22916 40353,6722 63417,0x42ed,0x6a18,0x43c7 0x6a72 0x438c 0x6b13,9,1,Larry Nuzleaf
3575,795,22916 40353,42475 46255,0xfd49,0x290e,0xfc7f 0x29b8 0xfc83 0x2932,2,0,Taylor Dustox
3575,810,22916 40353,54976 57855,0x8e6c,0x7c5e,0x8e72 0x7c73 0x8f03 0x7d55,1,1,Carol Lombre
3575,881,22916 40353,17649 9278,0x1d75,0xb99f,0x1c3e 0xb99f 0x8285 0xb99e,1,0,Vincent Sharpedo
3575,899,22916 40353,46465 63216,0xed35,0x6b51,0xec45 0x6b7c 0xec05 0x6b51,4,1,Allen Taillow
3575,904,22916 40353,47067 34317,0xef0d,0x1bac,0xee3d 0x1b7d 0xef63 0x1b82,4,0,Dez & Luke Manectric
3575,906,22916 40353,1332 49563,0x5d89,0x5c3a,0x5c87 0x5cf7 0x5c4a 0x5d0c,10,1,Carter Wailmer
3575,917,22916 40353,33516 50175,0xdbd0,0x5e30,0xdba5 0x5e63 0xdb4e 0x5eae,3,1,Garret Azumarill
3575,918,22916 40353,50175 51739,0x9a7b,0x57ba,0x9afa 0x57ba 0xd630 0x57ba,2,1,Austin Magikarp
3575,941,22916 40353,44990 17951,0xf708,0xdbbe,0xf67d 0xdb9f 0xf674 0xdbf7,3,1,Vivi Shroomish
3575,944,22916 40353,24794 19726,0x387e,0xd0c1,0x397f 0xd082 0x3979 0xd0af,1,1,Winston/Cindy Zigzagoon
3575,948,22916 40353,12755 12055,0x692b,0xb2b6,0x6835 0xb2b8 0x6885 0xb215,4,0,Hector Zangoose
3575,981,22916 40353,65364 42089,0xa79f,0x39c8,0xa6f1 0x39bc 0xa7f4 0x39c8,2,0,Anna & Meg Makuhita
3575,991,22916 40353,6697 637,0x428f,0x9fdc,0x438c 0x9f8d 0x43ad 0x9fdc,2,0,Rick Wurmple 1-2
3575,992,22916 40353,637 27776,0x5bf9,0xf121,0x5ac7 0xf121 0x7fd4 0xf121,6,1,Eric Baltoy 1-2
3575,992,22916 40353,637 27776,0x5bf9,0xf121,0x5a92 0xf121 0xe11f 0xf121,4,1,Sophia Roselia
3575,995,22916 40353,38868 30553,0xcf1f,0xeaf8,0xce71 0xea8c 0xce4c 0xebdc,2,1,Isaac Makuhita
3575,995,22916 40353,38868 30553,0xce50,0xeaf8,0xcf7c 0xeaf8 0x8583 0xeaf8,5,1,Clyde Shiftry
3575,1005,22916 40353,62576 37221,0xad76,0x0cc4,0xadd1 0x0ce8 0xadf4 0x0cc4,2,0,Ronald Gyarados 5
3575,1014,22916 40353,14332 25779,0x6e78,0xf912,0x6f37 0xf912 0x60ec 0xf912,8,1,Wilton Makuhita
3575,1020,22916 40353,36752 18679,0xd645,0xd556,0xd72b 0xd577 0xd640 0xd566,1,1,Jasmine Magnemite 1-2
3575,1035,22916 40353,15072 42780,0x6364,0x3abd,0x6200 0x3abd 0x75ac 0x3abd,7,0,Vicky Meditite
3575,1036,22916 40353,42780 50843,0xfe98,0x5b3a,0xffad 0x5b3a 0xc391 0x5b3a,9,1,Phil Wingull
3575,1036,22916 40353,42780 50843,0xffad,0x5b3a,0xfeaf 0x5b0a 0xfe89 0x5b0c,8,1,Connor Wingull 1+3
3575,1037,22916 40353,50843 19971,0x9e3d,0xd3a2,0x9f3e 0xd3f3 0x9f1f 0xd3a2,2,1,Rick Wurmple 1-2
3575,1055,22916 40353,52021 10050,0x9397,0xbae3,0x92a1 0xba55 0x925d 0xbadf,8,0,Taylor Dustox
3575,1057,22916 40353,33846 1768,0xddb2,0x9b49,0xdcd6 0x9b49 0xcb7a 0x9b49,1,0,Vicky Meditite
3575,1071,22916 40353,30398 10293,0x2f3a,0xb594,0x2e0c 0xb594 0xb6b2 0xb594,4,0,Beck Pelipper 1-2
3575,1101,22916 40353,4736 17148,0x4a3f,0xdf5d,0x4bd1 0xdf72 0x4b07 0xde4f,2,1,Martha Skitty
3575,1129,22916 40353,34795 26469,0xdf4e,0xfac4,0xde48 0xfad9 0xde73 0xfbf8,12,1,Neal Linoone
3575,1157,22916 40353,36930 58114,0xc9c6,0x7ea3,0xc8fd 0x7ea3 0xcca0 0x7ea3,12,1,Lydia Skitty
3575,1177,22916 40353,33960 3813,0xdc67,0x9344,0xdd58 0x93fc 0xddde 0x9323,2,0,Jonah Sharpedo
3575,1182,22916 40353,42523 59073,0xffce,0x7b60,0xffaf 0x7b51 0xffc9 0x7bb1,8,1,Gabby & Ty 2 Magnemite
3575,1194,22916 40353,52691 25749,0x9457,0xf934,0x947c 0xf934 0x9db0 0xf934,2,1,Sally Oddish
3575,1198,22916 40353,26915 62113,0x319c,0x6f8b,0x31b5 0x6fcc 0x301e 0x6fd7,1,1,Colton Skitty 5
3575,1213,22916 40353,62337 61017,0xaa05,0x73f8,0xab29 0x73f8 0xe1d6 0x73f8,10,1,Clyde Shiftry
3575,1241,22916 40353,40338 42315,0xc416,0x38ea,0xc40a 0x38ea 0x91d6 0x38ea,7,0,Chip Sandslash
3575,1241,22916 40353,40338 42315,0xc462,0x38ea,0xc47a 0x38c1 0xc421 0x3805,2,0,Rodney Horsea
3575,1247,22916 40353,29120 17611,0x2844,0xd96a,0x2922 0xd96a 0x218d 0xd96b,10,1,Sophia Swablu
3575,1253,22916 40353,13524 60565,0x6cd1,0x7134,0x6da0 0x71c5 0x6c52 0x7003,12,1,Angelica Castform
3575,1261,22916 40353,48658 11398,0xe6e4,0xb127,0xe797 0xb1da 0xe6a0 0xb077,4,0,Tori & Tia Whismur 1-2
3575,1294,22916 40353,51986 53813,0x9296,0x4f94,0x92e0 0x4f94 0xc756 0x4f94,1,1,Lisa & Ray Goldeen
3575,1324,22916 40353,5156 52593,0x4da0,0x50d0,0x4cdc 0x50d0 0xca2d 0x50d1,2,1,Thomas Zangoose
3575,1329,22916 40353,64254 60355,0xa339,0x7662,0xa33f 0x76a3 0xa26d 0x768b,1,1,Kiyo Machoke
3575,1331,22916 40353,16084 8209,0x666b,0xbd3b,0x6777 0xbd65 0x677f 0xbdb3,8,0,Miguel Skitty
3575,1331,22916 40353,16084 8209,0x6750,0xbdb0,0x6669 0xbdb0 0x69c4 0xbdb0,4,0,Wilton Wailmer
3575,1331,22916 40353,16084 8209,0x6670,0xbdb0,0x674d 0xbdac 0x666c 0xbc9c,3,0,Ethan Zigzagoon
3575,1331,22916 40353,16084 8209,0x6669,0xbdb0,0x6767 0xbd7d 0x67aa 0xbc86,7,0,Duncan Wailmer
3575,1331,22916 40353,16084 8209,0x6750,0xbdb0,0x66da 0xbdb0 0xe0e5 0xbdb2,7,0,Wally Rematch 2 Gardevoir
3575,1331,22916 40353,16084 8209,0x6750,0xbdb0,0x66da 0xbdb0 0xe0e5 0xbdb2,7,0,Wally Rematch 2 Gardevoir
3575,1361,22916 40353,29961 11534,0x2db6,0xb024,0x2d9f 0xb063 0x2c34 0xb078,4,0,Colton Skitty 2
3575,1375,22916 40353,45937 42409,0xeaf5,0x3808,0xebc4 0x3808 0xa126 0x3808,8,0,Colin Swellow
3575,1436,22916 40353,32000 52333,0x2484,0x51cc,0x25d7 0x51cc 0x0d1c 0x51cc,10,1,Shirley Numel
3575,1443,22916 40353,62236 12629,0xaad0,0xacf4,0xaab0 0xacc4 0xaa98 0xacf4,2,0,Dale Tentacool 2
3575,1449,22916 40353,21259 19339,0x0be5,0xd6a4,0x0a78 0xd610 0x0ae2 0xd673,1,1,Phoebe Dusclops 5
3575,1460,22916 40353,229 26141,0x5854,0xfbbc,0x5951 0xfbad 0x5957 0xfbde,3,1,Grace/Ernest/Dean Wingull
3575,1464,22916 40353,40053 6015,0xc496,0x8ade,0xc52a 0x8ae8 0xc5d5 0x8a3f,1,0,Nicolas Altaria 1-2
3575,1468,22916 40353,31527 63930,0x22a3,0x641b,0x22e1 0x641b 0x2093 0x641b,4,1,Joey Machop
3575,1477,22916 40353,23821 34108,0x05c7,0x189d,0x04d2 0x187c 0x049a 0x1854,4,0,Drake Flygon 3
3575,1487,22916 40353,42684 58521,0xff38,0x7938,0xfe53 0x7938 0xa1de 0x7938,4,1,Wendy Roselia
3575,1511,22916 40353,56481 13270,0x8525,0xae77,0x856d 0xae77 0xe53e 0xae77,5,0,Darrin Tentacool
3575,1518,22916 40353,39450 51853,0xc2e4,0x572c,0xc330 0x5798 0xc29b 0x5795,8,1,Patricia Banette
3575,1521,22916 40353,13977 50563,0x6e26,0x58a9,0x6e0f 0x58ee 0x6fa4 0x58f5,10,1,Colton Skitty 3
3575,1549,22916 40353,13524 25749,0x6c69,0xf934,0x6d9d 0xf9ce 0x6c66 0xf854,4,1,Clarissa Wailmer
3575,1549,22916 40353,13524 25749,0x6cd1,0xf934,0x6da0 0xf9c5 0x6c52 0xf803,1,1,Angelica Castform
3575,1554,22916 40353,14846 10963,0x607a,0xb772,0x61f0 0xb772 0x7c7a 0xb770,2,0,Wally Rematch 1 Gardevoir
3575,1555,22916 40353,10963 33151,0x72df,0x1cde,0x737a 0x1c83 0x7357 0x1cde,3,0,Jerry Ralts
3575,1557,22916 40353,3480 59247,0x541c,0x7ace,0x5454 0x7ace 0x3407 0x7ace,6,1,Darrin Tentacool
3575,1565,22916 40353,65174 27387,0xa712,0xf75a,0xa629 0xf75a 0xa274 0xf75a,12,1,Lydia Skitty
3575,1571,22916 40353,19843 58716,0x157c,0x78fd,0x1551 0x789a 0x148e 0x780f,5,1,Jessica Seviper
3575,1577,22916 40353,59233 25371,0xbfc5,0xfed4,0xbec4 0xfe97 0xbec2 0xfeba,6,1,Winston/Cindy Zigzagoon
3575,1602,22916 40353,54226 28128,0x8b6f,0xf041,0x8a9b 0xf0bb 0x8b60 0xf121,6,1,Clyde Wailmer
3575,1603,22916 40353,28128 58836,0x351e,0x7875,0x34ca 0x78c1 0x3561 0x78cc,5,1,Patricia Banette
3575,1604,22916 40353,58836 9119,0xbdd9,0xbe3e,0xbc38 0xbe5a 0xbd0b 0xbe60,2,0,William Kirlia
3575,1625,22916 40353,34908 34582,0xd189,0x1ab7,0xd1f9 0x1ae3 0xd1e8 0x1a86,1,0,Benjamin/Abigail Magnemite
3575,1626,22916 40353,34582 46095,0xdfbb,0x29ae,0xdfa4 0x2983 0xded5 0x28a5,2,0,Michelle Ludicolo
3575,1637,22916 40353,60420 7233,0xb580,0x81e0,0xb4eb 0x816b 0xb9b0 0x81e0,1,0,Victoria Roselia
3575,1637,22916 40353,60420 7233,0xb4b2,0x81e0,0xb5ce 0x81a9 0xb5c8 0x81fd,1,0,Sheila Shroomish
3575,1643,22916 40353,32588 11329,0x2798,0xb1e0,0x27ec 0xb109 0x2634 0xb1f2,4,0,Timothy Hariyama
3575,1652,22916 40353,26071 57925,0x3ce2,0x7fe4,0x3c36 0x7f80 0x3d42 0x7f1c,2,1,Alex Natu
3575,1654,22916 40353,43585 3701,0xf2b6,0x93d4,0xf2f3 0x9284 0xf3f5 0x93c3,1,0,Gabby & Ty 3 Loudred
3575,1670,22916 40353,54229 29423,0x8b79,0xef4e,0x8b67 0xef63 0x8a16 0xee45,8,1,Edwin Lombre
3575,1697,22916 40353,185 47006,0x593d,0x2a3f,0x5863 0x2a3f 0x5c5b 0x2a3f,4,0,Simon Azurill
3575,1698,22916 40353,47006 53780,0xee9b,0x4fb5,0xee8c 0x4f94 0xee1a 0x4fb5,1,1,Andrew Magikarp 2
3575,1702,22916 40353,29073 58227,0x2815,0x7ed2,0x2929 0x7ed2 0x1839 0x7ed3,1,1,Wally Rematch 1 Delcatty
3575,1716,22916 40353,30892 20486,0x2128,0xcda7,0x2063 0xcda7 0x3d28 0xcda5,8,1,Sidney Sharpedo
3575,1719,22916 40353,3007 52798,0x530b,0x539f,0x527b 0x53b2 0x523b 0x539f,2,1,Allen Taillow
3575,1720,22916 40353,52798 41357,0x968a,0x3c2c,0x9797 0x3c58 0x97d8 0x3c3d,4,0,Carol Taillow
3575,1720,22916 40353,52798 41357,0x9708,0x3c2c,0x97df 0x3c48 0x96ab 0x3cd4,5,0,Benny Xatu
3575,1728,22916 40353,40456 27228,0xc6b9,0xf7fd,0xc7bb 0xf7cd 0xc79d 0xf7cb,2,1,Beth Wingull
3575,1739,22916 40353,61668 29339,0xa960,0xef3a,0xa84d 0xef3a 0xaace 0xef3a,12,1,James Nincada
3575,1746,22916 40353,37572 51153,0xcb40,0x5a70,0xca3e 0x5a70 0xdf40 0x5a70,9,1,Timmy Aron
3575,1746,22916 40353,37572 51153,0xca2a,0x5a70,0xca05 0x5a1d 0xcbee 0x5a88,2,1,Phoebe Dusclops 1
3575,1753,22916 40353,34956 1395,0xd108,0x98d2,0xd02a 0x98d2 0xd308 0x98d2,2,0,Jose Wurmple
3575,1759,22916 40353,59418 65314,0xb19e,0x6283,0xb0a7 0x6283 0xc45c 0x6283,4,1,Nikki Wailmer
3575,1760,22916 40353,65314 15619,0xa7f4,0xa0a2,0xa6c4 0xa073 0xa79a 0xa08c,1,0,Dez & Luke Manectric
3575,1763,22916 40353,36556 60993,0xd67d,0x73e0,0xd77f 0x73d0 0xd759 0x73d6,6,1,Alice Wingull
3575,1774,22916 40353,10787 63898,0x72e9,0x643b,0x73fc 0x64da 0x73b4 0x64f2,1,1,Drake Flygon 3
3575,1779,22916 40353,39275 43055,0xc1df,0x358e,0xc09b 0x35ec 0xc0fe 0x35e6,1,0,Phil Taillow
3575,1793,22916 40353,11254 25843,0x7272,0xf952,0x7311 0xf952 0x2f6a 0xf952,12,1,Wendy Mawile
3575,1809,22916 40353,36010 45266,0xd40e,0x2d73,0xd503 0x2d54 0xd533 0x2d6f,1,0,Eddie Zigzagoon 2
3575,1811,22916 40353,18843 21238,0x101f,0xcf57,0x10a8 0xcf57 0x0570 0xcf57,1,1,Nancy Marill
3575,1819,22916 40353,27568 57747,0x32b5,0x7c32,0x32a2 0x7c13 0x3234 0x7c32,10,1,Roger Magikarp 2
3575,1841,22916 40353,26358 22243,0x3f23,0xcb42,0x3e4d 0xcb63 0x3f26 0xcb72,9,1,Jasmine Magnemite 1-2
3575,1842,22916 40353,22243 50921,0x0e15,0x5b48,0x0f66 0x5bb5 0x0f67 0x5b48,11,1,Karen Whismur
3575,1887,22916 40353,53296 45205,0x888d,0x2d34,0x8983 0x2df9 0x894e 0x2c02,5,0,Carter Wailmer
3575,1912,22916 40353,19426 8623,0x1266,0xbc0e,0x12d1 0xbc0e 0x2fe4 0xbc0e,2,0,Carmen/Gwen/Charlie/Dawn Marill
3575,1915,22916 40353,14572 60111,0x611e,0x776e,0x614f 0x7634 0x6158 0x7770,8,1,Claude Goldeen 1+2+4
3575,1918,22916 40353,24859 2025,0x389f,0x9a48,0x38e8 0x9a48 0xa117 0x9a48,1,0,Sharon/Debra Seaking
3575,1936,22916 40353,13942 58107,0x6ff2,0x7f5a,0x6ea1 0x7f5a 0x62dd 0x7f5a,12,1,Vivi Numel
3575,1936,22916 40353,13942 58107,0x6f45,0x7f5a,0x6fd5 0x7f6d 0x6f3f 0x7f67,2,1,Beth Marill
3575,1952,22916 40353,44956 39425,0xf76a,0x07a0,0xf619 0x075d 0xf72e 0x06f0,1,0,Tori & Tia Whismur 1-2
3575,1954,22916 40353,18671 57776,0x1045,0x7c11,0x1177 0x7c79 0x11b9 0x7c1f,6,1,Keigo Ninjask
3575,1987,22916 40353,40731 28780,0xc7b4,0xedcd,0xc69e 0xeda7 0xc6d5 0xecc6,12,1,Larry Nuzleaf
3575,1990,22916 40353,25584 51438,0x3a74,0x554f,0x3b17 0x554f 0x676c 0x554f,8,1,Wendy Mawile
3575,1997,22916 40353,7377 29266,0x447b,0xeff3,0x4549 0xef9b 0x4587 0xeffd,12,1,Keigo Ninjask
3575,1998,22916 40353,29266 5026,0x2ab3,0x8e03,0x2b7c 0x8f58 0x2b5e 0x8ef7,2,0,Michelle Medicham
3575,2003,22916 40353,13012 17401,0x6b50,0xde58,0x6b02 0xde58 0x0228 0xde58,1,1,Gabby & Ty 3 Magneton
3575,2003,22916 40353,13012 17401,0x6a36,0xde58,0x6a66 0xde77 0x6b4f 0xde83,4,1,Martha Swablu
3575,2035,22916 40353,61442 30207,0xa931,0xe85e,0xa9e9 0xe879 0xa9b1 0xe893,5,1,Vivi Marill
3575,2085,22916 40353,21936 17245,0x0c34,0xdefc,0x0c6d 0xdefc 0x3aa7 0xdefd,10,1,Albert Muk
3575,2106,22916 40353,49272 30451,0x98cd,0xeb52,0x9988 0xeb30 0x99ed 0xea49,12,1,Clyde Swellow
3575,2119,22916 40353,28946 35725,0x29e5,0x162c,0x29a0 0x177c 0x28a6 0x163b,2,0,Gabby & Ty 3 Loudred
3575,2122,22916 40353,3280 28445,0x5554,0xf2bc,0x5405 0xf2bc 0x5832 0xf2bc,4,1,Timmy Electrike
3575,2122,22916 40353,3280 28445,0x5474,0xf2bc,0x5573 0xf2a1 0x5548 0xf380,4,1,Larry Zigzagoon
3575,2132,22916 40353,57108 56021,0x87a2,0x4774,0x86de 0x473d 0x86d8 0x4769,8,1,Sheila Shroomish
3575,2137,22916 40353,39650 26074,0xc310,0xf87b,0xc341 0xf921 0xc356 0xf865,1,1,Claude Goldeen 1+2+4
3575,2166,22916 40353,45045 28818,0xf751,0xed33,0xf65c 0xed14 0xf66c 0xec0f,4,1,Anna & Meg Zigzagoon
3575,2168,22916 40353,25933 63012,0x3cc9,0x6b85,0x3c48 0x6b85 0x1db4 0x6b85,2,1,Ronald Magikarp
3575,2171,22916 40353,39396 31674,0xc0d2,0xe61b,0xc005 0xe67f 0xc171 0xe6e3,4,1,Benny Xatu
3575,2177,22916 40353,31974 62469,0x2562,0x69a4,0x2522 0x69a4 0xf836 0x69a4,8,1,Alexis Kadabra
3575,2182,22916 40353,60536 36761,0xb4ca,0x1238,0xb5ca 0x128e 0xb502 0x1338,1,0,Tisha Pelipper
3575,2182,22916 40353,60536 36761,0xb4ca,0x1238,0xb5ca 0x128e 0xb502 0x1338,1,0,Susie Pelipper
3575,2184,22916 40353,40124 59713,0xc40a,0x74e0,0xc519 0x74ae 0xc571 0x74a8,2,1,Rose Shroomish
3575,2186,22916 40353,47216 29345,0xe199,0xef00,0xe1d5 0xef8b 0xe188 0xef6c,4,1,Hideo Koffing 2
3575,2218,22916 40353,57324 13658,0x871a,0xa8fb,0x8669 0xa806 0x8668 0xa8fb,1,0,Karen Whismur
3575,2230,22916 40353,42736 24782,0xff74,0xfd6f,0xffc3 0xfd6f 0xde32 0xfd6f,4,1,Melissa Marill
3575,2243,22916 40353,49808 25073,0x9a37,0xfc50,0x9b7e 0xfc50 0x9b14 0xfc50,9,1,Jose Silcoon
3575,2244,22916 40353,25073 20537,0x394c,0xcd98,0x388f 0xccae 0x3915 0xcdae,9,1,Rival 4 Wailmer
3575,2260,22916 40353,6499 30763,0x41d6,0xe58a,0x4093 0xe5e8 0x40f6 0xe5e2,4,1,Hugh Swellow
3575,2299,22916 40353,24238 34351,0x072a,0x1b8e,0x067b 0x1b8e 0x1b50 0x1b8e,1,0,Wilton Electrike
3575,2306,22916 40353,58639 8887,0xbda3,0xbf16,0xbdbd 0xbf3b 0xbccc 0xbe1d,8,0,Carol Lombre
3575,2343,22916 40353,4717 50178,0x4a60,0x59a3,0x4b81 0x59c7 0x4ab2 0x59fd,2,1,William Kirlia
3575,2345,22916 40353,6622 8265,0x4013,0xbde8,0x40de 0xbddb 0x4067 0xbdcb,4,0,Herman Tentacruel
3575,2345,22916 40353,6622 8265,0x4013,0xbde8,0x40de 0xbddb 0x4067 0xbdcb,4,0,Franklin Tentacruel
3575,2352,22916 40353,4721 54015,0x4b81,0x4f5e,0x4b99 0x4f75 0x4bc2 0x4fb1,8,1,Susie/Stan Horsea
3575,2360,22916 40353,8075 50035,0x4739,0x5ed2,0x4639 0x5e64 0x46f1 0x5fd2,1,1,Byron Pelipper
3575,2390,22916 40353,62195 31800,0xaa69,0xe199,0xab56 0xe0c9 0xab77 0xe199,4,1,Allen Poochyena
3575,2391,22916 40353,31800 64288,0x25bc,0x6681,0x25fe 0x6681 0x275a 0x6681,8,1,Dwayne Machop
3575,2394,22916 40353,56970 59147,0x870e,0x7aaa,0x8655 0x7aaa 0xa24e 0x7aa8,5,1,Glacia Glalie 4
3575,2395,22916 40353,59147 17146,0xbe8f,0xdf5b,0xbfa3 0xdf5b 0xf55c 0xdf5b,2,1,Clyde Shiftry
3575,2400,22916 40353,3537 24705,0x5455,0xfd20,0x5519 0xfd20 0x5a83 0xfd20,1,1,Neal Trapinch
3575,2414,22916 40353,62964 1809,0xac70,0x9ab0,0xad03 0x9ab0 0x97fc 0x9ab0,1,0,Gabby & Ty 2 Loudred
3575,2421,22916 40353,5605 62013,0x4d0a,0x6f9c,0x4c2b 0x6fd2 0x4c29 0x6fd5,2,1,Tyra & Ivy Roselia
3575,2426,22916 40353,44844 2305,0xf6a8,0x94a0,0xf7e7 0x94a0 0xe706 0x94a0,1,0,Cyndy Makuhita
3575,2426,22916 40353,44844 2305,0xf6e0,0x94a0,0xf62c 0x9493 0xf695 0x9483,2,0,Jonah Tentacool
3575,2426,22916 40353,44844 2305,0xf6a8,0x94a0,0xf6e1 0x94a0 0x56a8 0x94a0,2,0,Wayne Tentacruel
3575,2443,22916 40353,9896 46709,0x7f35,0x2b5f,0x7f4e 0x2bbc 0x7f39 0x2b81,1,0,Vanessa Pikachu
3575,2460,22916 40353,2860 1303,0x52a8,0x98b6,0x5325 0x9838 0x7ec8 0x98b5,1,0,Drake Salamence
3575,2471,22916 40353,8957 37050,0x7a00,0x0d1b,0x7b1e 0x0d7e 0x7bd7 0x0daf,2,0,Kindra Shuppet
3575,2483,22916 40353,14910 57593,0x63cc,0x7d58,0x638a 0x7d46 0x6315 0x7d47,1,1,Clarissa Goldeen
3575,2488,22916 40353,31760 15057,0x2594,0xa770,0x25dd 0xa770 0x8594 0xa770,1,0,Wayne Tentacruel
3575,2488,22916 40353,31760 15057,0x241d,0xa770,0x24cf 0xa72e 0x248a 0xa788,1,0,Alexis Kirlia
3575,2511,22916 40353,1560 3171,0x5f9c,0x91c2,0x5ec5 0x91c2 0x9403 0x91c2,1,0,Sebastian Cacturne
3575,2523,22916 40353,15829 58324,0x6537,0x7e75,0x647c 0x7f43 0x647e 0x7e6a,2,1,Diana Swablu
3575,2527,22916 40353,64400 52476,0xa36d,0x515d,0xa273 0x5138 0xa2ba 0x51e9,2,1,Tasha Shuppet
3575,2527,22916 40353,64400 52476,0xa36b,0x515d,0xa23a 0x5179 0xa2f3 0x51eb,8,1,Samuel Lairon
3575,2533,22916 40353,30813 49940,0x20e2,0x5e3e,0x20cb 0x5e79 0x2160 0x5e62,11,1,Colton Skitty 1
3575,2549,22916 40353,58128 9789,0xbb13,0xbb9c,0xbbf4 0xbb6a 0xbbd8 0xbb3f,6,0,Steven Armaldo
3575,2554,22916 40353,36810 64221,0xd763,0x677c,0xd652 0x67e6 0xd6e4 0x67b2,8,1,Doug Nincada 1-2
3575,2556,22916 40353,49431 60759,0x98db,0x70f6,0x98bb 0x70c6 0x9893 0x70f6,2,1,Dale Tentacool 2
3575,2556,22916 40353,49431 60759,0x9893,0x70f6,0x99a1 0x70f6 0x9ea4 0x70f6,4,1,Robin Shroomish
3575,2559,22916 40353,61464 51553,0xa99c,0x54c0,0xa9d5 0x54c0 0x099c 0x54c0,2,1,Wayne Tentacruel
3575,2569,22916 40353,10753 61895,0x72e1,0x6c66,0x73e5 0x6c3b 0x7340 0x6c8b,2,1,Cyndy Meditite
3575,2571,22916 40353,10585 18451,0x71ed,0xd5b2,0x70a9 0xd5d0 0x70cc 0xd5da,2,1,Phil Taillow
3575,2622,22916 40353,29114 42214,0x2947,0x3947,0x2859 0x3922 0x2890 0x39f3,2,0,Tasha Shuppet
3575,2667,22916 40353,31246 65246,0x22d8,0x637f,0x22b6 0x6351 0x23a6 0x6328,12,1,Elaine Manectric
3575,2695,22916 40353,32722 49314,0x2732,0x5d03,0x2636 0x5d5e 0x2693 0x5dee,8,1,Cyndy Meditite
3575,2713,22916 40353,3328 25471,0x5484,0xfede,0x55e0 0xfede 0x1867 0xfede,5,1,Cora Meditite
3575,2714,22916 40353,25471 2708,0x3b85,0x9735,0x3ada 0x975f 0x3a46 0x9728,1,0,Isaac Aron
3575,2715,22916 40353,2708 63753,0x522b,0x6423,0x5202 0x6464 0x53a9 0x647f,4,1,Colton Skitty 1
3575,2730,22916 40353,9264 58517,0x7db4,0x7934,0x7cdd 0x7934 0x29d4 0x7934,2,1,Tammy Duskull
3575,2734,22916 40353,19132 14687,0x1338,0xa4fe,0x127b 0xa4fe 0x0c78 0xa4fe,4,0,Nolan Barboach
3575,2739,22916 40353,17112 25616,0x1ad9,0xf9b1,0x1b96 0xf947 0x1be0 0xf9dc,2,1,Steven Cradily
3575,2750,22916 40353,16462 35412,0x197d,0x17f5,0x19fd 0x1738 0x19f7 0x17d3,1,0,Grace/Dana Marill
3575,2751,22916 40353,35412 14813,0xd2e1,0xa47c,0xd3a4 0xa41e 0xd3c1 0xa567,4,0,Clyde Swellow
3575,2762,22916 40353,12982 58332,0x6a54,0x7e7d,0x6b1d 0x7e62 0x6be9 0x7f31,6,1,Kim & Iris Swablu
3575,2809,22916 40353,57483 60719,0xb94c,0x708e,0xb90d 0x70cb 0xb9ce 0x7199,1,1,Duncan Machoke
3575,2813,22916 40353,47125 49739,0xe0c3,0x5fea,0xe1f3 0x5f3b 0xe0ad 0x5fc4,10,1,Dez & Luke Manectric
3575,2813,22916 40353,47125 49739,0xe0cd,0x5fea,0xe1c9 0x5fb5 0xe104 0x5ea8,10,1,Jacki Lunatone
3575,2820,22916 40353,51929 9043,0x9275,0xbef2,0x931a 0xbff9 0x93a1 0xbe68,5,0,Jenna/Carlos Lombre
3575,2822,22916 40353,10816 37871,0x73c4,0x0e4e,0x72e9 0x0e4e 0x706a 0x0e4e,2,0,James Nincada
3575,2824,22916 40353,29384 25873,0x2b4c,0xf8b0,0x2bfb 0xf8b0 0x3e23 0xf8b0,6,1,Nancy Marill
3575,2830,22916 40353,65264 9813,0xa644,0xbb7f,0xa759 0xbb80 0xa716 0xbbe5,3,0,Victor Taillow
3575,2830,22916 40353,65264 9813,0xa73d,0xbbf4,0xa747 0xbbc9 0xa757 0xbb84,4,0,Phillip Tentacruel
3575,2845,22916 40353,52543 39810,0x94bb,0x0623,0x94a0 0x0623 0xbb3c 0x0623,1,0,Heidi Sandshrew
3575,2846,22916 40353,39810 52283,0xc206,0x519a,0xc38d 0x519a 0x135f 0x519a,2,1,Aaron Bagon
3575,2850,22916 40353,9874 20063,0x7e94,0xd3fe,0x7ffa 0xd39c 0x7e30 0xd2ba,1,1,Greg Volbeat
3575,2864,22916 40353,34198 48920,0xdd73,0x22b9,0xdc3f 0x22ef 0xdc70 0x23b7,1,0,Amy & Liv Plusle
3575,2882,22916 40353,29372 25537,0x2b38,0xfe60,0x2b7a 0xfe60 0x2908 0xfe60,12,1,Joey Machop
3575,2882,22916 40353,29372 25537,0x2a19,0xfe60,0x2b1f 0xfe7d 0x2b24 0xff5c,6,1,Neal Linoone
3575,2882,22916 40353,29372 25537,0x2b38,0xfe60,0x2bb9 0xfe60 0x0a45 0xfe60,1,1,Ronald Magikarp
3575,2884,22916 40353,48891 30651,0xe77f,0xea1a,0xe61c 0xea1a 0xba67 0xea1a,2,1,Wendy Mawile
3575,2888,22916 40353,16565 10866,0x1931,0xb7d3,0x1872 0xb7d3 0x0671 0xb7d3,2,0,Nolan Barboach
3575,2889,22916 40353,10866 45770,0x73f6,0x2f6b,0x72af 0x2f6b 0xb869 0x2f6b,5,0,Sebastian Cacturne
3575,2929,22916 40353,6396 26053,0x4043,0xf8ef,0x415f 0xf8b1 0x4157 0xf867,2,1,Miguel Skitty
3575,2929,22916 40353,6396 26053,0x4043,0xf864,0x4159 0xf843 0x41ad 0xf84b,2,1,Robin Skitty
3575,2932,22916 40353,20508 24313,0x0998,0xc358,0x08a8 0xc358 0x08a2 0xc358,8,1,Billy Taillow
3575,2932,22916 40353,20508 24313,0x0998,0xc358,0x08aa 0xc358 0x0faf 0xc358,8,1,Robin Shroomish
3575,2970,22916 40353,37540 17117,0xca52,0xdf7c,0xcb21 0xdf81 0xca16 0xde2c,1,1,Gabby & Ty 1 Whismur
3575,2982,22916 40353,38950 27256,0xc0f0,0xf7d9,0xc1c0 0xf708 0xc09e 0xf7f7,1,1,Walter Manectric
3575,2983,22916 40353,27256 43341,0x33bf,0x34ec,0x33fe 0x34a9 0x333d 0x35fb,1,0,Duncan Machoke
3575,2998,22916 40353,37340 11155,0xc941,0xb632,0xc818 0xb62e 0xc90b 0xb650,4,0,Rival 4 Combusken
3575,3005,22916 40353,10021 25101,0x7ea1,0xffac,0x7f82 0xffac 0x43a8 0xffac,1,1,Donald Silcoon
3575,3005,22916 40353,10021 25101,0x7f84,0xffac,0x7ecb 0xffac 0x7ea1 0xffac,1,1,Taylor Cascoon
3575,3007,22916 40353,52091 42820,0x93c6,0x3ae5,0x9232 0x3a1f 0x93c9 0x3b85,8,0,Clyde Wailmer
3575,3020,22916 40353,16751 39118,0x185c,0x056f,0x18cc 0x0558 0x1826 0x0552,1,0,Missy Marill
3575,3026,22916 40353,42832 49992,0xfed4,0x5ee9,0xffe9 0x5ee9 0xabd4 0x5ee9,8,1,Jessica Kecleon
3575,3086,22916 40353,54060 49635,0x8aa8,0x5c42,0x8a1f 0x5c42 0x9fc7 0x5c42,8,1,Nancy Marill
3575,3086,22916 40353,54060 49635,0x8ac5,0x5c42,0x8a89 0x5cc9 0x8ad4 0x5c2e,9,1,Hideo Koffing 2
3575,3112,22916 40353,27358 23551,0x335a,0xc65e,0x326c 0xc65e 0x4705 0xc65e,8,1,Wendy Pelipper
3575,3146,22916 40353,57819 64749,0xb85f,0x614c,0xb829 0x614c 0x8556 0x614c,8,1,Beth Goldeen
3575,3150,22916 40353,29964 50174,0x2c88,0x5e5f,0x2ce5 0x5e5f 0x6820 0x5e5f,4,1,Hideo Koffing 1
3575,3152,22916 40353,28372 26649,0x3649,0xf5b8,0x3710 0xf5a4 0x3603 0xf5da,2,1,Rival 4 Combusken
3575,3155,22916 40353,54895 9049,0x8f84,0xbef8,0x8ff4 0xbe40 0x8eb5 0xbed8,3,0,Owen Rhyhorn
3575,3172,22916 40353,51195 8254,0x9e7f,0xbd9f,0x9e2d 0xbd9f 0x79c8 0xbd9f,4,0,Gabby & Ty 6 Magneton
3575,3175,22916 40353,63617 58993,0xa023,0x7bd0,0xa115 0x7b66 0xa1e9 0x7bec,4,1,Taylor Dustox
3575,3186,22916 40353,33696 52345,0xdb79,0x51d8,0xda77 0x514d 0xdb66 0x5145,10,1,Joshua Solrock
3575,3218,22916 40353,18446 10362,0x10b1,0xb550,0x1098 0xb517 0x1133 0xb50c,1,0,Colton Skitty 1
3575,3221,22916 40353,64312 61992,0xa39b,0x6f89,0xa38a 0x6fa4 0xa2fb 0x6f89,9,1,Haley Lotad
3575,3223,22916 40353,43937 55257,0xf372,0x4af6,0xf21c 0x4a5a 0xf21e 0x4b31,1,1,Glacia Walrein
3575,3227,22916 40353,39754 10943,0xc385,0xb71e,0xc276 0xb7ec 0xc2a9 0xb7bd,1,0,Gilbert Sharpedo
3575,3230,22916 40353,53389 55490,0x89b1,0x4563,0x892e 0x4554 0x89c4 0x455e,8,1,Dana Azumarill
3575,3238,22916 40353,61984 24715,0xabe7,0xfd2a,0xaba6 0xfd6f 0xab65 0xfc3d,4,1,Duncan Machoke
3575,3238,22916 40353,61984 24715,0xaa92,0xfd2a,0xabb5 0xfd1a 0xab92 0xfd9c,9,1,Alex Pelipper
3575,3239,22916 40353,24715 63540,0x383d,0x6595,0x3941 0x65dc 0x3947 0x6588,12,1,Violet Shroomish
3575,3241,22916 40353,42946 58693,0xfe46,0x78e4,0xffcd 0x78e4 0x2f1f 0x78e4,6,1,Aaron Bagon
3575,3241,22916 40353,42946 58693,0xff7d,0x786f,0xff54 0x7828 0xfeff 0x7833,1,1,Colton Skitty 2
3575,3243,22916 40353,6240 12165,0x41e4,0xb224,0x41a4 0xb224 0x422d 0xb225,4,0,Samuel/Vito Kadabra
3575,3247,22916 40353,52244 10389,0x95c1,0xb534,0x94af 0xb515 0x95c4 0xb504,4,0,Dalton Magnemite 1+3
3575,3255,22916 40353,10652 56982,0x7018,0x4337,0x7121 0x4337 0xe37b 0x4337,8,1,Chad Wailmer
3575,3255,22916 40353,10652 56982,0x7121,0x4337,0x70e2 0x4201 0x7178 0x4301,8,1,Jonah Wailmer 1
3575,3255,22916 40353,10652 56982,0x7121,0x4337,0x70e2 0x4201 0x7178 0x4301,8,1,Herman Wailmer
3575,3273,22916 40353,37554 58583,0xca1f,0x7976,0xca00 0x795b 0xcb71 0x787d,12,1,Michelle Ludicolo
3575,3274,22916 40353,58583 45103,0xbc7b,0x2d8e,0xbc65 0x2da3 0xbd14 0x2c85,5,0,Carol Lombre
3575,3283,22916 40353,28799 32593,0x29b8,0xe2f0,0x29f9 0xe2b5 0x293a 0xe3e7,1,1,Duncan Machoke
3575,3286,22916 40353,24758 16503,0x3878,0xddd6,0x3951 0xdda2 0x398a 0xdd24,3,1,David/Barny Carvanha
3575,3286,22916 40353,24758 16503,0x3878,0xddd6,0x3951 0xdda2 0x398a 0xdd24,2,1,Matthew/Tony/Luis Carvanha
3575,3287,22916 40353,16503 31332,0x18ae,0xe7c5,0x19ab 0xe796 0x1966 0xe687,12,1,Cameron Solrock
3575,3301,22916 40353,22546 18845,0x01fb,0xd43c,0x011d 0xd41d 0x01ed 0xd43c,1,1,Lao Koffing 2
3575,3306,22916 40353,46606 41611,0xeed4,0x3f2a,0xef1c 0x3fe6 0xefad 0x3fbb,4,0,Lola Azurill 1-2
3575,3306,22916 40353,46606 41611,0xeeae,0x3f2a,0xef9a 0x3f64 0xef60 0x3f62,6,0,Donald Beautifly
3575,3342,22916 40353,62427 17109,0xab6a,0xdf74,0xaa68 0xdf44 0xaa4e 0xdf42,3,1,Jerome Wingull
3575,3349,22916 40353,55197 57716,0x8e74,0x7cd5,0x8e38 0x7c5e 0x8e65 0x7cb9,3,1,Hideo Koffing 2
3575,3368,22916 40353,60240 20071,0xb3e6,0xd3c6,0xb2f5 0xd388 0xb29d 0xd38e,1,1,Diana Shroomish
3575,3394,22916 40353,33490 17355,0xdb22,0xde6a,0xdb3a 0xde41 0xdb61 0xde85,8,1,Linda Horsea
3575,3394,22916 40353,33490 17355,0xdb56,0xde6a,0xdb23 0xde6a 0x42de 0xde6a,8,1,Linda Seadra
3575,3397,22916 40353,22485 41258,0x0fd9,0x3c8b,0x0e7c 0x3cd6 0x0e39 0x3cef,2,0,Ted Ralts
3575,3404,22916 40353,47394 22421,0xe18d,0xca34,0xe0a7 0xca5e 0xe0ec 0xcb3f,8,1,Larry Nuzleaf
3575,3426,22916 40353,31524 42881,0x22a0,0x3a20,0x22e8 0x3a20 0x24df 0x3a20,5,0,Dwayne Tentacool
3575,3426,22916 40353,31524 42881,0x23c1,0x3a20,0x228d 0x3a76 0x22c2 0x3b2e,3,0,Amy & Liv Plusle
3575,3426,22916 40353,31524 42881,0x23c2,0x3a20,0x228d 0x3a76 0x22c2 0x3b2e,3,0,Amy & Liv Minun
3575,3426,22916 40353,31524 42881,0x23d2,0x3a20,0x22a1 0x3add 0x2396 0x3b70,8,0,Tori & Tia Whismur 1-2
3575,3426,22916 40353,31524 42881,0x22eb,0x3a20,0x22cf 0x3aed 0x238c 0x3a78,4,0,Tyra & Ivy Graveler
3575,3426,22916 40353,31524 42881,0x22a0,0x3a20,0x22f1 0x3a20 0x32a0 0x3a20,3,0,Anthony Magnemite 1-2
3575,3426,22916 40353,31524 42881,0x23c6,0x3a20,0x2396 0x3a0f 0x22bf 0x3afb,2,0,Martha Swablu
3575,3482,22916 40353,28554 9179,0x3722,0xbe7a,0x360f 0xbe10 0x3644 0xbf71,4,0,Ruben Shiftry
3575,3482,22916 40353,28554 9179,0x374c,0xbe7a,0x36b7 0xbf60 0x3663 0xbe8d,3,0,Caroline Sableye
3575,3496,22916 40353,56880 57836,0x87fd,0x7c4d,0x8787 0x7c70 0x8797 0x7c3d,10,1,Owen Tentacruel
3575,3507,22916 40353,59008 28237,0xbe34,0xf3ec,0xbf66 0xf3fd 0xbf6c 0xf2f7,6,1,Chester Taillow
3575,3507,22916 40353,59008 28237,0xbe6e,0xf362,0xbff3 0xf3d6 0xbf69 0xf3b5,12,1,Phoebe Dusclops 5
3575,3510,22916 40353,49298 40842,0x982f,0x022b,0x9980 0x0206 0x9921 0x02e6,1,0,Dale Wailmer
3575,3512,22916 40353,40171 42594,0xc421,0x3bc3,0xc534 0x3b22 0xc57c 0x3b0a,6,0,Drake Flygon 3
3575,3523,22916 40353,27508 3825,0x33c5,0x9350,0x32dd 0x9367 0x32c0 0x9350,1,0,Edmond/Lydia Wingull 1-2
3575,3536,22916 40353,11630 62252,0x74c6,0x6e8d,0x74a7 0x6ec3 0x74a5 0x6ebe,2,1,Catherine Gloom
3575,3537,22916 40353,62252 56897,0xab9d,0x43e0,0xaa9f 0x43d0 0xaab9 0x43d6,8,1,Connor Wingull 1+3
3575,3546,22916 40353,50534 357,0x9dd3,0x9cc4,0x9c96 0x9ca6 0x9cf3 0x9cac,3,0,Chester/Benny Swellow
3575,3549,22916 40353,62920 24758,0xac4c,0xfd17,0xad79 0xfd17 0x9145 0xfd17,1,1,Phil Wingull
3575,3549,22916 40353,62920 24758,0xad79,0xfd17,0xac7b 0xfd27 0xac5d 0xfd21,4,1,Alice Wingull
3575,3566,22916 40353,7951 57832,0x468b,0x7c49,0x463c 0x7c49 0x53e4 0x7c49,5,1,Nancy Marill
3575,3577,22916 40353,59106 46740,0xbf66,0x2b35,0xbf34 0x2b35 0x0926 0x2b35,5,0,Gabby & Ty 5 Magneton
3575,3579,22916 40353,35071 57857,0xd17b,0x7fa0,0xd049 0x7fa0 0xd74c 0x7fa0,1,1,Robin Shroomish
3575,3587,22916 40353,14184 32949,0x6f9f,0x1d14,0x6fda 0x1c44 0x6edc 0x1d03,2,0,Gabby & Ty 5 Loudred
3575,3590,22916 40353,16000 19018,0x6704,0xd7eb,0x666d 0xd7eb 0x3364 0xd7eb,10,1,Tammy Duskull
3575,3617,22916 40353,49495 30238,0x99f5,0xebbf,0x98c3 0xeb09 0x983f 0xeb83,12,1,Taylor Dustox
3575,3620,22916 40353,31721 308,0x235d,0x9c95,0x220f 0x9c84 0x2205 0x9d8e,2,0,Chester Taillow
3575,3621,22916 40353,308 50049,0x58f2,0x5e20,0x58f3 0x5e0b 0x58c4 0x5e20,11,1,Edmond Machop
3575,3621,22916 40353,308 50049,0x59ae,0x5e20,0x5891 0x5f70 0x58ac 0x5e20,4,1,Isaac Poochyena
3575,3621,22916 40353,308 50049,0x58b0,0x5e20,0x58e2 0x5e20 0x31c8 0x5e20,10,1,Gabby & Ty 3 Magneton
3575,3623,22916 40353,42387 27349,0xfc5c,0xf774,0xfc4f 0xf7aa 0xfc6f 0xf7b9,10,1,Warren Graveler
3575,3632,22916 40353,20514 2395,0x0924,0x94fa,0x098a 0x94a8 0x098d 0x9415,2,0,Roger/Barry Gyarados
3575,3632,22916 40353,20514 2395,0x09d2,0x94fa,0x09ca 0x94d1 0x0991 0x9415,2,0,Linda Horsea
3575,3632,22916 40353,20514 2395,0x09a6,0x94fa,0x09d3 0x94fa 0x902e 0x94fa,2,0,Linda Seadra
3575,3648,22916 40353,26382 1982,0x3fef,0x9a1f,0x3e20 0x9b44 0x3e02 0x9aeb,4,0,Michelle Medicham
3575,3649,22916 40353,1982 26859,0x5e3a,0xf54a,0x5f0a 0xf54a 0x5f00 0xf54a,1,1,Billy Taillow
3575,3649,22916 40353,1982 26859,0x5f08,0xf54a,0x5e1b 0xf504 0x5e73 0xf502,6,1,Diana Shroomish
3575,3653,22916 40353,36808 16433,0xd64c,0xdd90,0xd77e 0xdd90 0xd07b 0xdd90,10,1,Robin Shroomish
3575,3660,22916 40353,9260 50084,0x7c91,0x5e05,0x7d9f 0x5ec8 0x7d52 0x5f33,4,1,Missy Wailmer
3575,3661,22916 40353,50084 34329,0x9b1e,0x1bb8,0x9ac5 0x1b05 0x9a1c 0x1a85,1,0,Cliff Baltoy 1+3
3575,3663,22916 40353,14072 21013,0x6e4c,0xcfb4,0x6f51 0xcfc0 0x6f1e 0xcfa5,1,1,Carol Taillow
3575,3663,22916 40353,14072 21013,0x6fcb,0xcfb4,0x6f5b 0xcf83 0x6fb1 0xcf89,2,1,Beth Marill
3575,3680,22916 40353,42756 58377,0xfe80,0x79a8,0xfed5 0x79a8 0xdfe8 0x79a9,9,1,Samuel Dodrio
3575,3680,22916 40353,42756 58377,0xffce,0x79a8,0xfeb5 0x795a 0xfe61 0x79b4,1,1,Drake Flygon 4
3575,3682,22916 40353,2739 10737,0x5337,0xb450,0x5377 0xb450 0x50fe 0xb451,1,0,Samuel/Vito Kadabra
3575,3693,22916 40353,53858 46997,0x8ac8,0x2a34,0x8b8e 0x2ae6 0x8b81 0x2a3a,5,0,Tsunao Ninjask
3575,3700,22916 40353,51254 18069,0x9089,0xdbbf,0x90a0 0xdbf8 0x910b 0xdbe3,11,1,Colton Skitty 5
3575,3710,22916 40353,51912 57545,0x927e,0x7d68,0x9302 0x7d21 0x9304 0x7d75,6,1,Sheila Shroomish
3575,3717,22916 40353,42232 9537,0xfd7c,0xb8e0,0xfc17 0xb8e0 0xa39a 0xb8e0,3,0,Wendy Roselia
3575,3727,22916 40353,21851 8703,0x0d96,0xbc5e,0x0dc0 0xbd3e 0x0c30 0xbc37,8,0,Jennifer Milotic
3575,3731,22916 40353,46338 58963,0xec86,0x7bf2,0xecd4 0x7bf2 0x85fe 0x7bf2,5,1,Gabby & Ty 3 Magneton
3575,3731,22916 40353,46338 58963,0xec07,0x7bf2,0xec10 0x7bd3 0xec29 0x7bf2,7,1,Roger Magikarp 4
3575,3733,22916 40353,46132 10697,0xedb0,0xb468,0xecd9 0xb468 0xb9d0 0xb468,4,0,Tammy Duskull
3575,3736,22916 40353,54994 17632,0x8f15,0xd941,0x8f13 0xd980 0x8e41 0xd9a8,8,1,Hitoshi Machoke 1-2
3575,3737,22916 40353,17632 48459,0x1c34,0x20ea,0x1c40 0x2003 0x1d98 0x20f8,4,0,Timothy Hariyama
3575,3796,22916 40353,53055 61015,0x96bb,0x73f6,0x979f 0x73f6 0x9b94 0x73f6,2,1,Derek Beautifly
3575,3796,22916 40353,53055 61015,0x96bb,0x73f6,0x963a 0x73f6 0xb7c6 0x73f6,6,1,Ronald Magikarp
3575,3812,22916 40353,15302 22921,0x6242,0xc428,0x6234 0xc428 0xfbca 0xc428,1,1,Sharon/Debra Goldeen
3575,3812,22916 40353,15302 22921,0x6242,0xc428,0x6235 0xc428 0xfbca 0xc428,1,1,Sharon/Debra Seaking
3575,3822,22916 40353,696 27670,0x5a09,0xf1b7,0x5b0b 0xf187 0x5b2d 0xf181,8,1,Austin Wingull
3575,3842,22916 40353,58948 30173,0xbee3,0xe87c,0xbfaa 0xe87c 0xbfc0 0xe87c,5,1,Jose Silcoon
3575,3849,22916 40353,120 54301,0x58d2,0x49bc,0x59e0 0x49d4 0x592e 0x49b2,2,1,Keigo Ninjask
3575,3857,22916 40353,42537 56509,0xfedf,0x411c,0xffac 0x41e1 0xfe9b 0x404c,1,1,Tori & Tia Whismur 1-2
3575,3860,22916 40353,7289 59102,0x45fd,0x7b7f,0x45b5 0x7b7f 0x68c5 0x7b7f,4,1,Eugene Tentacool
3575,3865,22916 40353,3504 36607,0x5459,0x135e,0x544f 0x1326 0x5448 0x1332,1,0,Takashi Koffing
3575,3917,22916 40353,22904 10061,0x016c,0xba62,0x00a5 0xbab2 0x01c9 0xbad3,5,0,Steven Metagross
3575,3920,22916 40353,3860 24777,0x5789,0xfd68,0x56d0 0xfd74 0x57c3 0xfd0a,3,1,Rival 4 Combusken
3575,3925,22916 40353,48137 51377,0xe4bc,0x5510,0xe5f9 0x5572 0xe59c 0x5578,10,1,Hugh Swellow
3575,3925,22916 40353,48137 51377,0xe58d,0x5510,0xe5f5 0x5510 0x065d 0x5510,1,1,Isaiah Staryu
3575,3925,22916 40353,48137 51377,0xe5f5,0x5510,0xe4a8 0x5591 0xe5b0 0x557b,1,1,Katelyn Staryu
3575,3928,22916 40353,21364 34037,0x0a88,0x1954,0x0bd5 0x19d5 0x0acd 0x193f,3,0,Allison Staryu
3575,3937,22916 40353,11312 759,0x7481,0x9f56,0x7599 0x9f61 0x7584 0x9f47,1,0,Paul Wingull
3575,3946,22916 40353,56877 64298,0x86d0,0x668b,0x87ce 0x66ee 0x8707 0x663f,1,1,Tasha Shuppet
3575,3952,22916 40353,57208 25441,0x86fc,0xfec0,0x86a5 0xfec0 0xb06f 0xfec1,9,1,Albert Muk
3575,3957,22916 40353,62544 42994,0xadd4,0x3a53,0xacbd 0x3a53 0xf9b4 0x3a53,1,0,Tammy Duskull
3575,3984,22916 40353,19811 17545,0x14e7,0xd928,0x159d 0xd928 0x7b40 0xd929,10,1,Phoebe Banette 2
3575,3986,22916 40353,6106 12988,0x4f79,0xaf1d,0x4f68 0xaf30 0x4e19 0xaf1d,4,0,Haley Lotad
3575,3987,22916 40353,12988 57556,0x6b71,0x7d75,0x6bbc 0x7d46 0x6b05 0x7d56,9,1,Franklin Tentacruel
3575,3988,22916 40353,57556 52249,0xb9d1,0x51b8,0xb9c6 0x5199 0xb9ff 0x51b8,8,1,Roger Magikarp 4
3576,9,59106 22916,61120 64341,0x084f,0xa2d1,0x0803 0xa2a9 0x085e 0xa2bd,1,0,Tsunao Koffing
3576,37,59106 22916,21131 57485,0xb469,0xb909,0xb421 0xb909 0xd472 0xb909,5,0,Darrin Tentacool
3576,38,59106 22916,57485 63197,0x062c,0xaf59,0x066d 0xaf1c 0x06ae 0xae4e,4,0,Yuji Machoke
3576,47,59106 22916,4652 21612,0xf546,0x0de8,0xf4aa 0x0cb3 0xf490 0x0cf6,2,0,William Ralts
3576,88,59106 22916,39145 11562,0x7f8e,0x74ae,0x7ec1 0x7458 0x7eb7 0x74c3,4,1,Steven Cradily
3576,90,59106 22916,65450 58850,0x1948,0xbc66,0x1874 0xbc66 0x2964 0xbc67,4,0,Wally Rematch 1 Delcatty
3576,106,59106 22916,64960 45410,0x1b22,0xe8e6,0x1ba0 0xe8e6 0xa4c8 0xe8e6,9,1,Jack Gyarados
3576,184,59106 22916,53430 2290,0x373a,0x5176,0x375c 0x506f 0x377b 0x51cf,10,1,Kate & Joy Slaking
3576,187,59106 22916,12699 46237,0xd779,0xed19,0xd62a 0xed19 0xc839 0xed19,4,1,Madeline Numel
3576,197,59106 22916,48063 38053,0x5c2e,0xcd21,0x5c6b 0xcc71 0x5d6d 0xcd36,1,1,Gabby & Ty 3 Loudred
3576,223,59106 22916,57787 59147,0x0669,0xbe8f,0x072d 0xbeed 0x0748 0xbee7,8,0,Phil Taillow
3576,233,59106 22916,7754 42023,0xf8a8,0xfda3,0xf8c5 0xfda3 0xa7ed 0xfda3,11,1,Keigo Koffing
3576,243,59106 22916,14418 3252,0xdf81,0x5530,0xded2 0x5521 0xded8 0x542b,2,1,Alex Swellow
3576,261,59106 22916,3817 12381,0xe965,0x69d9,0xe903 0x68c0 0xe924 0x6960,12,1,Kate & Joy Slaking
3576,264,59106 22916,17670 2728,0xa3e4,0x532c,0xa2b7 0x532c 0x8a7c 0x532c,10,1,Shirley Numel
3576,269,59106 22916,21637 24974,0xb267,0x380a,0xb22f 0x380a 0xd27c 0x380a,3,0,Darrin Tentacool
3576,278,59106 22916,27140 28736,0x8ce6,0x29c4,0x8ca5 0x29c4 0x0dda 0x29c4,4,0,Koji Machoke 1-2
3576,278,59106 22916,27140 28736,0x8ca5,0x29c4,0x8ca3 0x2905 0x8df1 0x292d,5,0,Hitoshi Machoke 1-2
3576,282,59106 22916,64385 5089,0x1c5a,0x4a65,0x1dae 0x4a9f 0x1c55 0x4b05,9,1,Clarissa Wailmer
3576,284,59106 22916,23093 20754,0xbdbd,0x0818,0xbc20 0x08ac 0xbcba 0x08cf,2,0,Phoebe Dusclops 5
3576,311,59106 22916,3476 8678,0xea43,0x7862,0xeb41 0x7852 0xeb67 0x7854,7,1,Jerome Wingull
3576,330,59106 22916,24143 9180,0xb8fc,0x7a58,0xb89d 0x7a69 0xb8fb 0x7a89,4,1,Gabby & Ty 2 Magnemite
3576,339,59106 22916,46932 9596,0x51b6,0x7cf8,0x50dd 0x7cf8 0xeb50 0x7cf8,8,1,Sophia Roselia
3576,350,59106 22916,36045 13988,0x6a2f,0x6f20,0x6acc 0x6f20 0xe26c 0x6f23,4,1,Steven Skarmory
3576,357,59106 22916,28066 51952,0x8b40,0x9374,0x8b02 0x9374 0x8d0c 0x9374,2,0,Huey Machop
3576,376,59106 22916,34047 25026,0x621d,0x3846,0x6330 0x3846 0x497a 0x3846,7,0,Lung Nincada
3576,405,59106 22916,35783 58710,0x6d25,0xbcd2,0x6d77 0xbcd2 0x045d 0xbcd2,5,0,Gabby & Ty 3 Magneton
3576,406,59106 22916,58710 25005,0x03ff,0x3829,0x03ec 0x38f7 0x03cc 0x38e4,7,0,Warren Graveler
3576,415,59106 22916,37234 59371,0x7790,0xbe6f,0x77d9 0xbe6f 0xd790 0xbe6f,2,0,Wayne Tentacruel
3576,417,59106 22916,909 44951,0xe56f,0xf613,0xe573 0xf613 0xb0af 0xf613,10,1,Chip Sandslash
3576,428,59106 22916,54104 16552,0x35ba,0x192c,0x3497 0x192c 0x3614 0x192c,2,0,Jose Nincada
3576,429,59106 22916,16552 31604,0xa778,0x22f0,0xa66b 0x22be 0xa603 0x22b8,4,0,Irene Shroomish
3576,429,59106 22916,16552 31604,0xa77f,0x22f0,0xa67d 0x22c0 0xa65b 0x22c6,4,0,Denise Wingull
3576,439,59106 22916,16687 65050,0xa7cd,0xa79e,0xa6ae 0xa79e 0xfad5 0xa79e,1,0,Wendy Mawile
3576,444,59106 22916,8209 13678,0xc780,0x6cea,0xc7c5 0x6dba 0xc6c3 0x6cfd,12,1,Ruben Loudred
3576,455,59106 22916,59555 41387,0x0ec0,0xf82f,0x0ed7 0xf80e 0x0eee 0xf82f,1,1,Roger Magikarp 4
3576,465,59106 22916,59786 21196,0x0f68,0x0b48,0x0e22 0x0b48 0xaf68 0x0b48,2,0,Reed Carvanha 1-2
3576,470,59106 22916,18758 65233,0xafa4,0xa755,0xaec0 0xa755 0xb96c 0xa755,1,0,Vicky Meditite
3576,485,59106 22916,895 58604,0xe5f2,0xbd68,0xe582 0xbdd0 0xe4c3 0xbd48,5,0,Owen Rhyhorn
3576,506,59106 22916,52214 1368,0x2c5f,0x5cdc,0x2d60 0x5c64 0x2de6 0x5cbb,8,1,Jonah Sharpedo
3576,516,59106 22916,18431 38107,0xa07b,0xcd5f,0xa02b 0xcd70 0xa102 0xcd84,1,1,Martha Swablu
3576,522,59106 22916,23704 42114,0xba7a,0xfd06,0xbb4c 0xfd06 0xce25 0xfd06,2,1,Wendy Pelipper
3576,522,59106 22916,23704 42114,0xbb19,0xfd06,0xbb34 0xfdf8 0xbb7a 0xfdf9,5,1,Leroy Mawile
3576,525,59106 22916,61299 26945,0x09bd,0x30c5,0x09df 0x308a 0x09a2 0x3029,6,0,Alexa Gloom
3576,525,59106 22916,61299 26945,0x0991,0x30c5,0x0972 0x30c5 0x81d2 0x30c6,1,0,Steven Skarmory
3576,553,59106 22916,46408 8458,0x53aa,0x788e,0x53ea 0x788e 0x8efe 0x788e,3,1,Alexis Kadabra
3576,561,59106 22916,8486 9177,0xc6bb,0x7a5d,0xc7ea 0x7a79 0xc723 0x7aeb,11,1,Samuel Lairon
3576,572,59106 22916,41290 46412,0x4688,0xecc8,0x4789 0xece5 0x478f 0xecd5,12,1,Isaac Zigzagoon
3576,572,59106 22916,41290 46412,0x4698,0xec43,0x4785 0xecbc 0x47ca 0xecd9,8,1,Victor Taillow
3576,572,59106 22916,41290 46412,0x46fa,0xecc8,0x47ca 0xec19 0x4694 0xece6,5,1,Dez & Luke Manectric
3576,585,59106 22916,54155 45400,0x3423,0xe8dc,0x350a 0xe8a8 0x35d1 0xe82e,8,1,Matthew/Tony/Luis Carvanha
3576,599,59106 22916,52019 13815,0x2dbc,0x6c73,0x2df0 0x6cf8 0x2dad 0x6c1f,9,1,Hideo Koffing 2
3576,602,59106 22916,21502 9398,0xb42d,0x7d32,0xb568 0x7d50 0xb50d 0x7c29,4,1,Clyde Swellow
3576,615,59106 22916,44558 41116,0x49be,0xf918,0x483d 0xf824 0x48c2 0xf934,10,1,Albert Manectric
3576,632,59106 22916,19955 25375,0xaba6,0x3a9b,0xab36 0x3aac 0xabdc 0x3aa6,3,0,Missy Marill
3576,634,59106 22916,41426 63532,0x467f,0xa1a8,0x4711 0xa1dc 0x4614 0xa1a8,4,0,Anna & Meg Makuhita
3576,660,59106 22916,26854 26167,0x8e04,0x3fb3,0x8f35 0x3fb3 0x8dcd 0x3fb2,1,0,Vito Swellow
3576,701,59106 22916,8539 61096,0xc6f3,0xb72c,0xc7da 0xb758 0xc701 0xb7de,4,0,Matthew/Tony/Luis Carvanha
3576,711,59106 22916,12235 46413,0xc87b,0xecc9,0xc9f8 0xedf5 0xc907 0xece5,5,1,Albert Manectric
3576,747,59106 22916,40284 33606,0x7a8d,0xdac2,0x7bf7 0xda8a 0x7ba3 0xda75,4,1,Jill Breloom
3576,751,59106 22916,4540 63440,0xf638,0xae54,0xf771 0xae4b 0xf785 0xaf18,4,0,Kim & Iris Swablu
3576,774,59106 22916,40836 25817,0x7854,0x3d5d,0x7928 0x3d14 0x792e 0x3d40,4,0,Sheila Shroomish
3576,774,59106 22916,40836 25817,0x7966,0x3d5d,0x785f 0x3d5d 0x4f8a 0x3d5d,5,0,Beverly Wailmer 1-2
3576,776,59106 22916,22720 30467,0xbf47,0x2e87,0xbe88 0x2fdc 0xbeaa 0x2e73,1,0,Michelle Medicham
3576,795,59106 22916,42475 46255,0x422d,0xed2b,0x4319 0xed65 0x43e3 0xed63,9,1,Donald Beautifly
3576,802,59106 22916,3085 33149,0xeb67,0xd8f9,0xea87 0xd89d 0xebb4 0xd8a7,9,1,Tammy Ralts
3576,838,59106 22916,16982 43957,0xa4b4,0xf231,0xa4d9 0xf231 0xfbf1 0xf231,6,1,Keigo Koffing
3576,885,59106 22916,16650 11992,0xa732,0x775c,0xa6f1 0x7727 0xa7dc 0x7704,4,1,Bernie Slugma
3576,894,59106 22916,28556 35402,0x8942,0xd3ce,0x8920 0xd381 0x895d 0xd322,1,1,Alexa Gloom
3576,895,59106 22916,35402 12010,0x6d98,0x776e,0x6c85 0x771a 0x6cca 0x777f,10,1,Carol Taillow
3576,896,59106 22916,12010 16468,0xc808,0x19d0,0xc96b 0x19d0 0x9510 0x19d0,2,0,Wendy Mawile
3576,896,59106 22916,12010 16468,0xc937,0x19d0,0xc87b 0x19a1 0xc8fe 0x1989,1,0,Steven Claydol
3576,903,59106 22916,40095 47067,0x7b48,0xee5f,0x7a4d 0xee4e 0x7a4b 0xee3d,9,1,Chad Wingull
3576,903,59106 22916,40095 47067,0x7b48,0xee5f,0x7a4d 0xee4e 0x7a4b 0xee3d,8,1,Reli & Ian Wingull
3576,911,59106 22916,55424 49375,0x3f4e,0x995b,0x3e63 0x9931 0x3e28 0x9850,1,0,Vito Shiftry
3576,912,59106 22916,49375 17043,0x263d,0x1b17,0x2772 0x1b17 0x3bcf 0x1b17,3,0,Shelby Makuhita
3576,939,59106 22916,23357 62945,0xbddf,0xac65,0xbcee 0xac65 0xf60c 0xac65,5,0,Colin Swellow
3576,943,59106 22916,46260 24794,0x5328,0x395e,0x5277 0x3934 0x52eb 0x3943,5,0,Isaac Aron
3576,947,59106 22916,2323 12755,0xeedf,0x6857,0xefed 0x683f 0xef23 0x6859,1,1,Keigo Ninjask
3576,948,59106 22916,12755 12055,0xd731,0x7693,0xd672 0x7693 0xc871 0x7693,8,1,Nolan Barboach
3576,949,59106 22916,12055 15650,0xc890,0x64a6,0xc95f 0x65fd 0xc97d 0x6452,1,1,Vincent Medicham
3576,951,59106 22916,38742 58656,0x70d5,0xbca4,0x7199 0xbcf2 0x71d6 0xbdaa,2,0,Amy & Liv Plusle
3576,951,59106 22916,38742 58656,0x70d6,0xbca4,0x7199 0xbcf2 0x71d6 0xbdaa,2,0,Amy & Liv Minun
3576,951,59106 22916,38742 58656,0x709f,0xbca4,0x71de 0xbcee 0x70bf 0xbc58,1,0,Shane Nuzleaf
3576,952,59106 22916,58656 41198,0x02e9,0xf96a,0x0388 0xf861 0x033e 0xf869,10,1,Jenna Nuzleaf
3576,952,59106 22916,58656 41198,0x03c2,0xf96a,0x02e9 0xf96a 0x4811 0xf96a,10,1,Carlos Nuzleaf
3576,959,59106 22916,36149 50234,0x6afa,0x9dbe,0x6bbd 0x9d33 0x6bcb 0x9d24,4,0,Derek Nincada
3576,967,59106 22916,4055 23043,0xe8b6,0x0387,0xe9d9 0x03e5 0xe824 0x0364,1,0,Greg Illumise
3576,982,59106 22916,42089 37681,0x43e5,0xcab5,0x4383 0xcbac 0x43a4 0xca0c,1,1,Kate & Joy Slaking
3576,982,59106 22916,42089 37681,0x4292,0xca3e,0x42e9 0xcadd 0x429e 0xcae0,8,1,Vanessa Pikachu
3576,986,59106 22916,60037 54452,0x0d5c,0x8dbb,0x0d75 0x8dfc 0x0cde 0x8de7,2,0,Colton Skitty 3
3576,987,59106 22916,54452 139,0x3372,0x590f,0x3211 0x591f 0x3256 0x590f,4,1,Georgia Beautifly
3576,989,59106 22916,9868 29444,0xc108,0x2a80,0xc041 0x2a9f 0xc0b5 0x2bcc,2,0,Kim & Iris Swablu
3576,991,59106 22916,6697 637,0xfdf2,0x5bf9,0xfc06 0x5b03 0xfdfd 0x5a99,8,1,Clarissa Wailmer
3576,1000,59106 22916,38825 41191,0x71ca,0xf963,0x71dd 0xf963 0x714b 0xf963,6,1,Andrew Magikarp 1
3576,1017,59106 22916,291 60339,0xe641,0xb237,0xe796 0xb26e 0xe78d 0xb366,2,0,Steven Aggron
3576,1033,59106 22916,59255 62124,0x00b3,0xab28,0x0185 0xab9e 0x0179 0xab14,2,0,Taylor Dustox
3576,1044,59106 22916,51470 34592,0x2edc,0xde2f,0x2fc1 0xded0 0x2f8e 0xdeb5,3,1,Victor Taillow
3576,1044,59106 22916,51470 34592,0x2ed5,0xdea4,0x2f21 0xde5e 0x2eda 0xdfc4,9,1,Clyde Wailmer
3576,1061,59106 22916,47614 45653,0x5f37,0xebd1,0x5f5b 0xeb37 0x5f51 0xebd1,8,1,Paul Oddish
3576,1079,59106 22916,55502 65134,0x3f15,0xa7ea,0x3ed6 0xa6dc 0x3f4c 0xa7dc,4,0,Grace/Susie Wailmer
3576,1099,59106 22916,37774 57988,0x7526,0xbb00,0x7503 0xba2c 0x7534 0xbbde,1,0,Mike Geodude 1-2
3576,1099,59106 22916,37774 57988,0x7526,0xbb00,0x7503 0xba2c 0x7534 0xbbde,1,0,Mike Machop
3576,1108,59106 22916,26638 14480,0x8eec,0x6114,0x8e9a 0x6114 0xb3e5 0x6114,1,1,Alice Goldeen 1-3
3576,1127,59106 22916,62110 12173,0x1545,0x7609,0x144b 0x76c4 0x1486 0x773f,2,1,Carter Wailmer
3576,1127,59106 22916,62110 12173,0x1519,0x7609,0x14d6 0x7752 0x14f4 0x76fd,1,1,Michelle Medicham
3576,1128,59106 22916,12173 34795,0xc80a,0xde6f,0xc9c5 0xdf34 0xc9e7 0xde9b,9,1,Michelle Medicham
3576,1133,59106 22916,33224 59815,0x660a,0xb04d,0x670b 0xb00e 0x670d 0xb023,4,0,Winston/Cindy Zigzagoon
3576,1153,59106 22916,6351 11268,0xff52,0x7580,0xfe03 0x75a4 0xfeca 0x7536,2,1,Samuel Lairon
3576,1157,59106 22916,36930 58114,0x7782,0xba86,0x7681 0xbad7 0x76a0 0xba86,6,0,Rick Wurmple 1-2
3576,1157,59106 22916,36930 58114,0x77be,0xba86,0x7681 0xbbd6 0x76a0 0xba86,6,0,Allen Poochyena
3576,1164,59106 22916,33362 30464,0x64b0,0x2e84,0x6580 0x2e84 0x658a 0x2e84,2,0,Billy Taillow
3576,1169,59106 22916,20903 34355,0xb73d,0xdfb7,0xb660 0xdf36 0xb778 0xdfdc,2,1,Caleb Staryu 1-4
3576,1176,59106 22916,28439 33960,0x888d,0xdda2,0x88b9 0xdc0d 0x89fb 0xdd8f,2,1,Sidney Absol
3576,1184,59106 22916,56617 19253,0x3b83,0x12b1,0x3bfb 0x1235 0x3bf8 0x128c,1,0,Carter/Austin Tentacool 3
3576,1209,59106 22916,61940 25904,0x1644,0x3cb4,0x1774 0x3c65 0x162a 0x3c9a,6,0,Walter Manectric
3576,1230,59106 22916,59459 14943,0x0ea1,0x63db,0x0e20 0x63db 0x8d77 0x63db,4,1,Eugene Magikarp
3576,1234,59106 22916,36779 44215,0x6867,0xf533,0x6921 0xf5e1 0x692e 0xf53d,12,1,Kent Ninjask
3576,1239,59106 22916,54327 35194,0x32d5,0xd0fe,0x33e3 0xd0fe 0xab5d 0xd0fe,10,1,Beck Pelipper 1-2
3576,1241,59106 22916,40338 42315,0x7a3f,0xfccf,0x7b51 0xfcbb 0x7a54 0xfccf,9,1,Anna & Meg Makuhita
3576,1251,59106 22916,36909 44327,0x76cf,0xf4a3,0x7791 0xf4a3 0x73a9 0xf4a3,1,1,Simon Azurill
3576,1270,59106 22916,14842 45078,0xde2d,0xe992,0xdf35 0xe9a5 0xdf28 0xe983,1,1,Paul Wingull
3576,1272,59106 22916,32172 63946,0x9b06,0xa04e,0x9b66 0xa07e 0x9bca 0xa07d,4,0,Carter Tentacool 1
3576,1287,59106 22916,838 32970,0xe5f5,0xd94e,0xe49b 0xd96f 0xe5f0 0xd97e,9,1,Jasmine Magnemite 1-2
3576,1292,59106 22916,19486 8918,0xaafc,0x7b52,0xaa8a 0x7b52 0xa269 0x7b52,7,1,Johanna Goldeen
3576,1299,59106 22916,33711 39133,0x654d,0xc159,0x641e 0xc159 0x4cd5 0xc159,8,1,Shirley Numel
3576,1304,59106 22916,40382 15589,0x7b2a,0x6561,0x7b1c 0x6546 0x7a06 0x6551,8,1,Lydia Goldeen
3576,1357,59106 22916,22187 61352,0xb117,0xb62c,0xb0df 0xb6e0 0xb06e 0xb6bd,6,0,Lola Azurill 1-2
3576,1357,59106 22916,22187 61352,0xb1c0,0xb62c,0xb112 0xb672 0xb157 0xb6d4,1,0,Alexis Kirlia
3576,1383,59106 22916,63804 58275,0x1f9d,0xba27,0x1fdc 0xba62 0x1f1f 0xbb30,4,0,Yuji Machoke
3576,1390,59106 22916,9218 54604,0xc392,0x8cc8,0xc2e1 0x8c35 0xc3d6 0x8d98,2,0,Gabby & Ty 1 Whismur
3576,1390,59106 22916,9218 54604,0xc2a3,0x8cc8,0xc2a5 0x8c09 0xc3f7 0x8c21,1,0,Hitoshi Machoke 1-2
3576,1392,59106 22916,54481 41436,0x330e,0xf858,0x328a 0xf8c2 0x320f 0xf83f,4,1,Justin Kecleon
3576,1394,59106 22916,57960 12571,0x048a,0x689f,0x05d3 0x689f 0xcf15 0x689f,2,1,Sebastian Cacturne
3576,1397,59106 22916,1773 18132,0xe079,0x1f50,0xe03f 0x1f4e 0xe0a0 0x1f4f,1,0,Katie Goldeen
3576,1414,59106 22916,40562 60400,0x79c6,0xb274,0x7845 0xb357 0x7992 0xb24f,1,0,Glacia Sealeo 3
3576,1419,59106 22916,20837 15998,0xb6ec,0x67fa,0xb6de 0x67b3 0xb74d 0x67a6,1,1,Wally Rematch 2 Roselia
3576,1419,59106 22916,20837 15998,0xb6ec,0x67fa,0xb6de 0x67b3 0xb74d 0x67a6,1,1,Wally Rematch 2 Roselia
3576,1422,59106 22916,3909 2084,0xe892,0x51a0,0xe98a 0x5197 0xe997 0x51a0,2,1,Edmond/Lydia Wingull 1-2
3576,1440,59106 22916,62822 5749,0x1384,0x4ff1,0x1305 0x4ff1 0x9052 0x4ff1,9,1,Eugene Magikarp
3576,1440,59106 22916,62822 5749,0x12e1,0x4ff1,0x132e 0x4eaa 0x130c 0x4f05,1,1,Vincent Medicham
3576,1441,59106 22916,5749 58113,0xf1b7,0xba85,0xf0ba 0xbaa2 0xf08a 0xba99,1,0,Eddie Zigzagoon 2
3576,1447,59106 22916,26296 46212,0x8178,0xed00,0x807b 0xed51 0x8072 0xed00,1,1,Donald/Taylor Wurmple
3576,1455,59106 22916,8177 25250,0xf826,0x3b26,0xf93e 0x3b11 0xf923 0x3b37,3,0,Paul Wingull
3576,1459,59106 22916,43068 229,0x4eb3,0x5961,0x4eff 0x591a 0x4ede 0x5961,2,1,Lao Koffing 4
3576,1475,59106 22916,28702 42208,0x96fc,0xfd64,0x968a 0xfd64 0xabf5 0xfd64,5,1,Beth Goldeen
3576,1477,59106 22916,23821 34108,0xba9c,0xdcb8,0xbad9 0xdde8 0xbbdf 0xdcaf,2,1,Gabby & Ty 3 Loudred
3576,1484,59106 22916,49414 43370,0x26cf,0xf0ee,0x27ae 0xf1e5 0x2718 0xf1ed,12,1,Jenna Nuzleaf
3576,1484,59106 22916,49414 43370,0x27e4,0xf0ee,0x26cf 0xf0ee 0x6c37 0xf0ee,12,1,Carlos Nuzleaf
3576,1487,59106 22916,42684 58521,0x4179,0xbd1d,0x4168 0xbd30 0x4019 0xbd1d,6,0,Haley Lotad
3576,1490,59106 22916,7006 41074,0xfdbc,0xf9f6,0xfc89 0xf9f6 0xe777 0xf9f6,3,1,Bernie Wingull
3576,1505,59106 22916,25726 38104,0x83dc,0xcd5c,0x82ca 0xcdc1 0x8255 0xcdc0,9,1,Michelle Nosepass
3576,1512,59106 22916,13270 12346,0xd403,0x69be,0xd556 0x6958 0xd46e 0x6983,8,1,Brent Surskit
3576,1527,59106 22916,30556 64742,0x91be,0xa562,0x9097 0xa562 0x1082 0xa562,4,0,Warren Ludicolo
3576,1538,59106 22916,50419 62154,0x220a,0xab4e,0x224a 0xab52 0x2239 0xabed,5,0,Drew Sandshrew
3576,1542,59106 22916,50405 9683,0x2331,0x7c57,0x2231 0x7ce1 0x22f9 0x7d57,1,1,Benny Pelipper
3576,1543,59106 22916,9683 50285,0xc331,0x9de9,0xc363 0x9de9 0x4f50 0x9de9,3,0,Gabby & Ty 4 Magneton
3576,1560,59106 22916,12954 59201,0xd54d,0xbec5,0xd44f 0xbef5 0xd469 0xbef3,7,0,Perry Wingull
3576,1577,59106 22916,59233 25371,0x00cd,0x3a9f,0x01d8 0x3a7e 0x0190 0x3a56,4,0,Drake Flygon 3
3576,1581,59106 22916,55879 27586,0x3c12,0x3246,0x3c82 0x3271 0x3c68 0x327b,6,0,Missy Marill
3576,1595,59106 22916,33079 42760,0x66fe,0xfe8c,0x679f 0xff87 0x6729 0xff8f,3,1,Jenna Nuzleaf
3576,1595,59106 22916,33079 42760,0x67d5,0xfe8c,0x66fe 0xfe8c 0x2c06 0xfe8c,3,1,Carlos Nuzleaf
3576,1596,59106 22916,42760 21280,0x41a8,0x0aa4,0x41a9 0x0a8f 0x419e 0x0aa4,1,0,Edmond Machop
3576,1614,59106 22916,19656 19568,0xaa7b,0x15f4,0xaa1a 0x15c5 0xaa7c 0x1525,2,0,Gabby & Ty 2 Magnemite
3576,1624,59106 22916,63748 34908,0x1e92,0xd1d8,0x1ed0 0xd1cf 0x1fd6 0xd0e8,10,1,Gabby & Ty 6 Loudred
3576,1653,59106 22916,57925 43585,0x04a7,0xf3c5,0x0410 0xf3c5 0x11c8 0xf3c5,6,1,Nancy Marill
3576,1664,59106 22916,2121 37074,0xef83,0xc956,0xef9d 0xc97b 0xeeec 0xc85d,9,1,Carol Lombre
3576,1684,59106 22916,12320 1697,0xd643,0x5f25,0xd654 0x5f04 0xd6c2 0x5f25,11,1,Andrew Magikarp 2
3576,1687,59106 22916,10990 52432,0xcd3a,0x9554,0xcc1d 0x9564 0xcc3a 0x95e2,1,0,Alex Pelipper
3576,1688,59106 22916,52432 64864,0x2b62,0xa4e4,0x2adb 0xa418 0x2a20 0xa5fe,4,0,Atsushi Hariyama
3576,1697,59106 22916,185 47006,0xe65b,0xee1a,0xe76d 0xee1a 0x7fd3 0xee1a,1,1,Beck Pelipper 1-2
3576,1715,59106 22916,51782 30892,0x2d9d,0x2128,0x2c69 0x21d2 0x2d92 0x2048,4,0,Clarissa Wailmer
3576,1716,59106 22916,30892 20486,0x9e0c,0x0982,0x9e4c 0x09c7 0x9e8f 0x0895,2,0,Koichi Machop
3576,1716,59106 22916,30892 20486,0x9e0d,0x0982,0x9e4c 0x09c7 0x9e8f 0x0895,2,0,Koichi Machoke
3576,1717,59106 22916,20486 41410,0xb7df,0xf846,0xb631 0xf869 0xb6e7 0xf954,9,1,Martha Skitty
3576,1723,59106 22916,23001 52543,0xbe0a,0x94bb,0xbf59 0x94aa 0xbf53 0x95a0,2,0,Rival 4 Swellow
3576,1728,59106 22916,40456 27228,0x79d1,0x3353,0x79f8 0x3314 0x7853 0x330f,4,0,Colton Skitty 3
3576,1738,59106 22916,48354 61668,0x5b5e,0xa960,0x5a96 0xa9ac 0x5a27 0xa9f1,4,0,Lola Azurill 1-2
3576,1738,59106 22916,48354 61668,0x5a00,0xa960,0x5b23 0xa960 0x6709 0xa960,4,0,Donald Silcoon
3576,1738,59106 22916,48354 61668,0x5b25,0xa960,0x5a6a 0xa960 0x5a00 0xa960,4,0,Taylor Cascoon
3576,1738,59106 22916,48354 61668,0x5b88,0xa960,0x5a64 0xa83b 0x5a5e 0xa87e,5,0,William Ralts
3576,1748,59106 22916,868 55356,0xe59d,0x81b8,0xe58c 0x81d7 0xe59a 0x8190,1,0,Shane Sandshrew
3576,1753,59106 22916,34956 1395,0x6e03,0x5cf7,0x6ee5 0x5cd6 0x6e15 0x5c8f,9,1,Lao Koffing 1+3
3576,1758,59106 22916,45124 59418,0x57e4,0xb19e,0x561f 0xb084 0x56cb 0xb169,4,0,Caroline Sableye
3576,1774,59106 22916,10787 63898,0xcdf0,0xa01e,0xcca3 0xa00f 0xcca9 0xa105,1,0,Alex Swellow
3576,1775,59106 22916,63898 56052,0x1f15,0x8370,0x1f59 0x830b 0x1f78 0x8370,1,0,Lao Koffing 4
3576,1779,59106 22916,39275 43055,0x7ead,0xf1ab,0x7f99 0xf1e5 0x7f63 0xf1e3,4,1,Donald Beautifly
3576,1790,59106 22916,12388 34909,0xd7bf,0xd1d9,0xd67c 0xd0ef 0xd7e6 0xd1ef,1,1,Jonah Wailmer 1
3576,1795,59106 22916,48159 4940,0x5bbf,0x4ac8,0x5a44 0x4bd2 0x5a90 0x4a3f,1,1,Vincent Sableye
3576,1798,59106 22916,21826 38212,0xb3a0,0xccc0,0xb292 0xccc0 0xb312 0xccc0,9,1,Haley Shroomish
3576,1798,59106 22916,21826 38212,0xb2c1,0xccc0,0xb38d 0xcc96 0xb3c2 0xcdce,9,1,Amy & Liv Plusle
3576,1798,59106 22916,21826 38212,0xb2c2,0xccc0,0xb38d 0xcc96 0xb3c2 0xcdce,9,1,Amy & Liv Minun
3576,1798,59106 22916,21826 38212,0xb3e0,0xccc0,0xb39c 0xccb3 0xb3c9 0xcc38,8,1,Kayla Kadabra
3576,1798,59106 22916,21826 38212,0xb3e8,0xccc0,0xb390 0xcc44 0xb393 0xccfd,9,1,Carter/Austin Tentacool 3
3576,1826,59106 22916,62384 8910,0x1474,0x7b4a,0x1542 0x7bfc 0x15be 0x7b76,2,1,Taylor Dustox
3576,1853,59106 22916,44159 1124,0x4bc1,0x5de0,0x4ac5 0x5dbf 0x4a08 0x5ca2,10,1,Jacki Lunatone
3576,1854,59106 22916,1124 33376,0xe3bf,0xdbe4,0xe210 0xdbc9 0xe2b1 0xdb29,4,1,Dale Wailmer
3576,1854,59106 22916,1124 33376,0xe3a0,0xdbe4,0xe230 0xdb08 0xe2ba 0xdbf6,8,1,Miu & Yuki Dustox
3576,1876,59106 22916,52756 31966,0x2874,0x255a,0x28da 0x2508 0x28dd 0x25b5,4,0,Roger/Barry Gyarados
3576,1876,59106 22916,52756 31966,0x298c,0x255a,0x2858 0x25ee 0x29f3 0x25e3,1,0,Patricia Banette
3576,1877,59106 22916,31966 851,0x9bbc,0x5ad7,0x9a6b 0x5a8e 0x9a70 0x5b86,10,1,Steven Aggron
3576,1887,59106 22916,53296 45205,0x36d2,0xe911,0x36aa 0xe911 0xd502 0xe911,12,1,Isaiah Staryu
3576,1887,59106 22916,53296 45205,0x36aa,0xe911,0x37f7 0xe990 0x36ef 0xe97a,12,1,Katelyn Staryu
3576,1896,59106 22916,13580 49010,0xd3bc,0xe6f6,0xd3de 0xe6a3 0xd34f 0xe691,8,1,Wally Rematch 2 Magneton
3576,1896,59106 22916,13580 49010,0xd3bc,0xe6f6,0xd3de 0xe6a3 0xd34f 0xe691,8,1,Wally Rematch 2 Magneton
3576,1899,59106 22916,2631 43114,0xecef,0xf1ee,0xecca 0xf0c2 0xecfd 0xf130,4,1,Mike Geodude 1-2
3576,1899,59106 22916,2631 43114,0xecef,0xf1ee,0xecca 0xf0c2 0xecfd 0xf130,4,1,Mike Machop
3576,1899,59106 22916,2631 43114,0xecef,0xf1ee,0xed89 0xf1b6 0xec7b 0xf196,10,1,Alan Geodude
3576,1900,59106 22916,43114 33184,0x4faa,0xd824,0x4ea9 0xd875 0x4e88 0xd824,2,1,Lyle Wurmple 1-6
3576,1916,59106 22916,60111 42838,0x0c2d,0xfed2,0x0c55 0xfed2 0xb3c7 0xfed2,2,1,Cody/Jack Staryu
3576,1919,59106 22916,2025 41787,0xe10b,0xfabf,0xe172 0xfabf 0x3a4d 0xfabe,12,1,Leroy Starmie
3576,1920,59106 22916,41787 20570,0x44be,0x09de,0x4495 0x0905 0x4538 0x0883,1,0,Wally Rematch 1 Altaria
3576,1929,59106 22916,31740 56675,0x9dac,0x84e7,0x9d7b 0x8483 0x9c0f 0x841f,1,0,Benny Xatu
3576,1966,59106 22916,35045 35006,0x6f6c,0xd13a,0x6f5e 0xd173 0x6ecd 0xd166,10,1,Wally Rematch 2 Roselia
3576,1966,59106 22916,35045 35006,0x6f6c,0xd13a,0x6f5e 0xd173 0x6ecd 0xd166,10,1,Wally Rematch 2 Roselia
3576,1972,59106 22916,47943 11827,0x5c8e,0x77b7,0x5dcf 0x77fd 0x5cae 0x774b,1,1,Shane Nuzleaf
3576,1980,59106 22916,61610 4216,0x1625,0x49fc,0x1669 0x4987 0x1648 0x49fc,2,1,Lao Koffing 4
3576,1981,59106 22916,4216 28618,0xf7e9,0x364e,0xf7ac 0x371e 0xf6aa 0x3659,6,0,Ruben Loudred
3576,1982,59106 22916,28618 10552,0x8843,0x70bc,0x8871 0x70f5 0x89e2 0x70e0,4,1,Wally Rematch 2 Roselia
3576,1982,59106 22916,28618 10552,0x8843,0x70bc,0x8871 0x70f5 0x89e2 0x70e0,4,1,Wally Rematch 2 Roselia
3576,1984,59106 22916,41247 51109,0x46dd,0x9e21,0x47d0 0x9e06 0x47e0 0x9e3d,1,0,Eddie Zigzagoon 2
3576,1988,59106 22916,28780 26427,0x97f1,0x3ebf,0x96aa 0x3e58 0x9638 0x3f80,8,0,Elaine Lairon
3576,2039,59106 22916,47509 58261,0x5f77,0xba11,0x5e3b 0xba11 0x51a1 0xba11,3,0,Neal Trapinch
3576,2046,59106 22916,39344 13965,0x7e00,0x6f09,0x7f30 0x6fd8 0x7e6e 0x6f27,2,1,Walter Manectric
3576,2051,59106 22916,7193 20338,0xfafb,0x16f6,0xfbdf 0x16f6 0xf7d4 0x16f6,2,0,Derek Beautifly
3576,2052,59106 22916,20338 41756,0xa990,0xfa98,0xa8e3 0xfa98 0x921c 0xfa98,7,1,Gabby & Ty 2 Loudred
3576,2061,59106 22916,47645 11511,0x5ddb,0x7573,0x5cef 0x753d 0x5c15 0x753b,10,1,Donald Beautifly
3576,2061,59106 22916,47645 11511,0x5c47,0x7573,0x5cd8 0x7544 0x5c32 0x754e,4,1,Dana Azumarill
3576,2066,59106 22916,14169 61447,0xd0d0,0xa983,0xd1fc 0xa9c9 0xd193 0xa983,4,0,Lydia Roselia
3576,2081,59106 22916,38215 41307,0x73a5,0xf8df,0x72ea 0xf8df 0x2f75 0xf8df,11,1,Atsushi Makuhita
3576,2099,59106 22916,16746 6564,0xa7fc,0x4020,0xa7e4 0x400b 0xa7bf 0x40cf,8,1,Linda Horsea
3576,2099,59106 22916,16746 6564,0xa788,0x4020,0xa7fd 0x4020 0x3e00 0x4020,8,1,Linda Seadra
3576,2118,59106 22916,48982 28946,0x58e4,0x2896,0x5890 0x287f 0x5948 0x2884,2,0,Timothy Hariyama
3576,2126,59106 22916,22628 20154,0xbfaa,0x173e,0xbe87 0x1754 0xbecc 0x1635,1,0,Vito Shiftry
3576,2138,59106 22916,26074 1171,0x8274,0x5d17,0x8314 0x5d4c 0x8381 0x5c5f,2,1,Clyde Trapinch
3576,2153,59106 22916,43943 33866,0x4d0f,0xddce,0x4d2a 0xdce2 0x4d1d 0xdd10,4,1,Trent Geodude 1-4
3576,2190,59106 22916,44504 9223,0x4b88,0x7d83,0x4b5f 0x7de7 0x4a2b 0x7d7b,11,1,Benny Xatu
3576,2190,59106 22916,44504 9223,0x4b3a,0x7d83,0x4b88 0x7d83 0xb13a 0x7d83,2,1,Alexis Xatu
3576,2193,59106 22916,27166 43392,0x8d97,0xf004,0x8cb6 0xf04a 0x8cb4 0xf04d,10,1,Tyra & Ivy Roselia
3576,2194,59106 22916,43392 2842,0x4e4b,0x529e,0x4e54 0x52b3 0x4f25 0x5395,2,1,Michelle Ludicolo
3576,2215,59106 22916,45462 9998,0x56f7,0x7e8a,0x5798 0x7ee8 0x5665 0x7e69,1,1,Greg Illumise
3576,2220,59106 22916,49140 29018,0x5916,0x28de,0x590a 0x28de 0x0cd6 0x28de,5,0,Chip Sandslash
3576,2221,59106 22916,29018 34233,0x96c1,0xdc3d,0x97df 0xdc58 0x9716 0xdc89,1,1,Kindra Shuppet
3576,2228,59106 22916,39094 37028,0x7fdc,0xc920,0x7e79 0xc97d 0x7e3c 0xc944,8,1,Ted Ralts
3576,2249,59106 22916,29423 42340,0x9523,0xfce0,0x9465 0xfc32 0x946a 0xfcee,4,1,Tsunao Ninjask
3576,2250,59106 22916,42340 9240,0x42bd,0x7d17,0x4294 0x7d50 0x433f 0x7d4b,7,1,Colton Skitty 3
3576,2324,59106 22916,61534 13388,0x1789,0x6dc8,0x168b 0x6df8 0x16ad 0x6dfe,9,1,Missy Wingull
3576,2342,59106 22916,40321 4717,0x7b2b,0x4be9,0x7be7 0x4bda 0x7b5e 0x4bca,2,1,Spencer Tentacool 1-3
3576,2345,59106 22916,6622 8265,0xfe4e,0x79cd,0xff3d 0x7930 0xfe0a 0x789d,5,1,Tori & Tia Whismur 1-2
3576,2346,59106 22916,8265 21436,0xc687,0x0a38,0xc6e5 0x0a77 0xc698 0x0ad4,1,0,Alexa Gloom
3576,2351,59106 22916,17086 4721,0xa522,0x4bf5,0xa4e1 0x4be8 0xa4b4 0x4abb,9,1,Steve/Dillon Aron
3576,2370,59106 22916,40310 61000,0x7be2,0xb7cc,0x7bd4 0xb7eb 0x7ace 0xb7fc,4,0,Lydia Goldeen
3576,2371,59106 22916,61000 10402,0x08aa,0x7126,0x081d 0x7126 0x0039 0x7126,6,1,Robin Marill
3576,2373,59106 22916,60593 153,0x0b39,0x5993,0x0aa4 0x5927 0x0a3e 0x5944,1,1,Phoebe Dusclops 5
3576,2387,59106 22916,42284 27879,0x43ce,0x3563,0x4244 0x3563 0x5fce 0x3561,2,0,Wally Rematch 1 Gardevoir
3576,2403,59106 22916,39980 16617,0x7ba9,0x196d,0x7a15 0x195b 0x7aea 0x198c,4,0,Nicolas Altaria 1-2
3576,2422,59106 22916,62013 42871,0x1467,0xfef3,0x14f8 0xfec4 0x1412 0xfece,7,1,Dana Azumarill
3576,2423,59106 22916,42871 36557,0x418e,0xd749,0x41ce 0xd755 0x41bd 0xd7ea,8,1,Drew Sandshrew
3576,2431,59106 22916,61712 46300,0x1745,0xed58,0x17c5 0xed95 0x17cf 0xed7e,12,1,Grace/Dana Marill
3576,2431,59106 22916,61712 46300,0x16c1,0xed58,0x17bb 0xed10 0x17ef 0xedef,9,1,Jill Breloom
3576,2442,59106 22916,43186 9896,0x4f77,0x7f2c,0x4e7d 0x7f6b 0x4f5b 0x7f1a,1,1,Jenna Lotad
3576,2442,59106 22916,43186 9896,0x4f6d,0x7f2c,0x4e6c 0x7f4b 0x4ef3 0x7f88,3,1,Owen Kecleon
3576,2445,59106 22916,6709 57585,0xfdbc,0xb975,0xfc90 0xb93f 0xfcff 0xb975,7,0,Lydia Roselia
3576,2454,59106 22916,18139 37061,0xa146,0xc941,0xa017 0xc965 0xa0de 0xc9f7,1,1,Samuel Lairon
3576,2483,59106 22916,14910 57593,0xdda6,0xb97d,0xdc72 0xb9c9 0xddd9 0xb9c4,2,0,Patricia Banette
3576,2488,59106 22916,31760 15057,0x9af2,0x6355,0x9bb8 0x6355 0x3af2 0x6355,12,1,Reed Carvanha 1-2
3576,2491,59106 22916,31454 60285,0x9d58,0xb2f9,0x9c61 0xb23c 0x9cd1 0xb253,1,0,Shelby Meditite
3576,2497,59106 22916,17730 49220,0xa3a0,0x99c0,0xa3e8 0x99c0 0xc3bb 0x99c0,3,0,Darrin Tentacool
3576,2497,59106 22916,17730 49220,0xa3a0,0x99c0,0xa3d8 0x99c0 0x1c4a 0x99c0,3,0,Cody/Jack Staryu
3576,2497,59106 22916,17730 49220,0xa3a0,0x99c0,0xa3e9 0x99c0 0x03a0 0x99c0,3,0,Wayne Tentacruel
3576,2539,59106 22916,54838 33089,0x319c,0xd8c5,0x3042 0xd8e4 0x30d4 0xd8c5,9,1,Eugene Feebas
3576,2539,59106 22916,54838 33089,0x31a7,0xd8c5,0x31e2 0xd995 0x30e4 0xd8d2,11,1,Gabby & Ty 3 Loudred
3576,2540,59106 22916,33089 42679,0x67b8,0xff33,0x67a9 0xff5c 0x67bf 0xff1b,11,1,Shane Sandshrew
3576,2576,59106 22916,48902 9500,0x59e4,0x7c98,0x59ad 0x7c98 0x88bd 0x7c98,8,1,Henry Tentacruel
3576,2578,59106 22916,45956 5067,0x5423,0x4a4f,0x5542 0x4a9a 0x55dc 0x4ae0,2,1,Lea & Jed Ludvisc 1-2
3576,2589,59106 22916,11464 13644,0xcb14,0x6cc8,0xcacf 0x6c75 0xca16 0x6df5,12,1,Heidi Baltoy
3576,2599,59106 22916,42310 10039,0x429f,0x7e38,0x42b6 0x7e7f 0x431d 0x7e64,8,1,Colton Skitty 3
3576,2633,59106 22916,31873 13550,0x9a63,0x6d6a,0x9b2f 0x6d6a 0x94b5 0x6d6a,2,1,Neal Trapinch
3576,2653,59106 22916,22884 65303,0xbfe2,0xa693,0xbe8a 0xa6b2 0xbf86 0xa693,4,0,Jacob Voltorb 1-2
3576,2653,59106 22916,22884 65303,0xbfe2,0xa693,0xbe8a 0xa6b2 0xbf86 0xa693,4,0,Jacob Magnemite
3576,2653,59106 22916,22884 65303,0xbf86,0xa693,0xbfe2 0xa693 0xbed1 0xa693,4,0,Jasmine Voltorb
3576,2658,59106 22916,8365 3084,0xc654,0x5588,0xc614 0x552b 0xc653 0x55a0,2,1,Chip Sandshrew 1-2
3576,2659,59106 22916,3084 11974,0xeaa6,0x7742,0xeac6 0x7772 0xeaee 0x7742,1,1,Dale Tentacool 2
3576,2696,59106 22916,49314 41049,0x2640,0xf9dd,0x2769 0xf9dd 0xa77c 0xf9dd,6,1,Warren Ludicolo
3576,2729,59106 22916,58874 9264,0x0303,0x7db4,0x0343 0x7d17 0x0304 0x7d9c,10,1,Chip Sandshrew 1-2
3576,2729,59106 22916,58874 9264,0x0318,0x7db4,0x0304 0x7db4 0x56d8 0x7db4,10,1,Chip Sandslash
3576,2735,59106 22916,14687 51381,0xdfd0,0x9131,0xdf9c 0x91ba 0xdfc1 0x915d,1,0,Hideo Koffing 2
3576,2742,59106 22916,4079 38253,0xe856,0xcce9,0xe97c 0xcc1b 0xe80f 0xccd3,1,1,Glacia Glalie 1
3576,2744,59106 22916,7721 63215,0xf9e1,0xaf6b,0xf8be 0xaf01 0xf8cb 0xaf6b,1,0,Billy Seedot
3576,2744,59106 22916,7721 63215,0xf8cb,0xaf6b,0xf9f2 0xaf6b 0x8d09 0xaf6b,2,0,Nikki Wailmer
3576,2776,59106 22916,2482 11440,0xeed1,0x7534,0xefa0 0x75c5 0xee52 0x7403,1,1,Angelica Castform
3576,2787,59106 22916,33721 34403,0x6478,0xdfe7,0x6531 0xdfe7 0x655b 0xdfe7,9,1,Jose Silcoon
3576,2789,59106 22916,54186 675,0x3460,0x5b27,0x3565 0x5b60 0x3443 0x5bdb,3,1,Nancy Lombre
3576,2816,59106 22916,5465 14900,0xf289,0x63b0,0xf3fc 0x6391 0xf3f5 0x63f9,1,1,Lydia Shroomish
3576,2818,59106 22916,53244 25566,0x291e,0x3a5a,0x2902 0x3a5a 0x7cde 0x3a5a,8,0,Chip Sandslash
3576,2820,59106 22916,51929 9043,0x2d72,0x7ad7,0x2d24 0x7bb7 0x2cd4 0x7abe,11,1,Jennifer Milotic
3576,2828,59106 22916,60172 58695,0x0cdf,0xbcc3,0x0d9a 0xbca1 0x0dff 0xbcab,3,0,Hugh Swellow
3576,2834,59106 22916,18727 45347,0xaea3,0xe8a7,0xaef3 0xe888 0xafda 0xe87c,12,1,Martha Swablu
3576,2841,59106 22916,2249 30923,0xee2b,0x214f,0xee6b 0x214f 0x1e21 0x214f,4,0,Joshua Kadabra
3576,2873,59106 22916,24496 5040,0xb952,0x4a34,0xb831 0x4a34 0xe44a 0x4a34,1,1,Wendy Mawile
3576,2894,59106 22916,25908 61591,0x83d6,0xa913,0x82e2 0xa913 0xd7b6 0xa913,1,0,Kate & Joy Spinda
3576,2900,59106 22916,16138 43604,0xd9e8,0xf3d0,0xd9aa 0xf3d0 0xdb0e 0xf3d0,12,1,Dwayne Machop
3576,2900,59106 22916,16138 43604,0xd985,0xf3d0,0xd9c9 0xf3ab 0xd9e8 0xf3d0,10,1,Lao Koffing 4
3576,2905,59106 22916,25481 29318,0x856b,0x2b02,0x840f 0x2b02 0xc988 0x2b02,1,0,Cora Meditite
3576,2943,59106 22916,19399 205,0xad25,0x5949,0xad77 0x5949 0x2144 0x5949,9,1,Gabby & Ty 4 Magneton
3576,2957,59106 22916,39898 9344,0x7d23,0x7d04,0x7d32 0x7d6b 0x7d24 0x7d2c,4,1,Travis Sandshrew
3576,2957,59106 22916,39898 9344,0x7c56,0x7d04,0x7c30 0x7c1d 0x7c17 0x7dbd,7,1,Kate & Joy Slaking
3576,2957,59106 22916,39898 9344,0x7c6b,0x7d04,0x7d0d 0x7d20 0x7da4 0x7d5d,4,1,Kim & Iris Numel
3576,2969,59106 22916,16178 37540,0xd8e0,0xcb20,0xd990 0xcb0d 0xd9a4 0xcb42,1,1,Isaac Taillow
3576,3001,59106 22916,59282 316,0x0170,0x58b8,0x001b 0x5833 0x0d40 0x58b8,1,1,Victoria Roselia
3576,3005,59106 22916,10021 25101,0xc184,0x3b89,0xc1c5 0x3bcc 0xc106 0x3a9e,1,0,Yuji Machoke
3576,3020,59106 22916,16751 39118,0xa6a5,0xc14a,0xa7ca 0xc041 0xa771 0xc1d0,8,1,Jenna/Carlos Lombre
3576,3021,59106 22916,39118 13842,0x7f35,0x6f96,0x7e6c 0x6f8a 0x7f7f 0x6ff4,4,1,Rival 4 Combusken
3576,3032,59106 22916,6913 56835,0xfdf8,0x8787,0xfde9 0x87e8 0xfdff 0x87af,1,0,Travis Sandshrew
3576,3039,59106 22916,22994 62748,0xbe7a,0xac98,0xbf53 0xacec 0xbf88 0xac6a,2,0,Matthew/Tony/Luis Carvanha
3576,3047,59106 22916,38327 37437,0x726e,0xcbb9,0x7374 0xcb9e 0x7380 0xcb96,1,1,Robin Skitty
3576,3053,59106 22916,10990 61210,0xcd66,0xb69e,0xcd49 0xb6f3 0xcca2 0xb666,6,0,Phoebe Dusclops 1
3576,3072,59106 22916,59365 37454,0x0021,0xcbca,0x0117 0xcb7c 0x01eb 0xcbf6,8,1,Taylor Dustox
3576,3075,59106 22916,48744 38478,0x59f4,0xcfca,0x5837 0xcfd7 0x5862 0xce84,8,1,Steve/Dillon Aron
3576,3078,59106 22916,37986 29652,0x7280,0x2a50,0x73a4 0x2a50 0x3e63 0x2a50,1,0,Miu & Yuki Beautifly
3576,3078,59106 22916,37986 29652,0x73b9,0x2a50,0x72b7 0x2a9d 0x727a 0x2b66,4,0,Carter Wailmer
3576,3092,59106 22916,32434 5987,0x9850,0x4ee7,0x9906 0x4ee7 0x196c 0x4ee7,9,1,Franklin Sealeo
3576,3116,59106 22916,36042 43620,0x6b19,0xf3e0,0x6a4a 0xf3f1 0x6a40 0xf2fb,2,1,Rival 4 Swellow
3576,3143,59106 22916,53809 1173,0x35ea,0x5d11,0x341e 0x5deb 0x35e5 0x5c71,10,1,Clyde Wailmer
3576,3148,59106 22916,58475 34122,0x02c3,0xdcce,0x02e6 0xdde2 0x02d1 0xdc10,3,1,Trent Geodude 1-4
3576,3151,59106 22916,50174 28372,0x2459,0x3750,0x2538 0x3785 0x25a6 0x37ff,2,0,Lea & Jed Ludvisc 1-2
3576,3152,59106 22916,28372 26649,0x8944,0x319d,0x8837 0x3160 0x8900 0x30cd,4,0,Gabby & Ty 1 Whismur
3576,3155,59106 22916,54895 9049,0x31a6,0x7add,0x30e7 0x7a97 0x3186 0x7a21,7,1,Shane Nuzleaf
3576,3162,59106 22916,11730 14156,0xcb30,0x6ec8,0xcb79 0x6ec8 0x6b30 0x6ec8,2,1,Wayne Tentacruel
3576,3162,59106 22916,11730 14156,0xcb30,0x6ec8,0xca19 0x6ec8 0x4a0c 0x6ec8,2,1,Warren Ludicolo
3576,3173,59106 22916,8254 17891,0xc75c,0x1c67,0xc68b 0x1c3e 0xc690 0x1d36,3,0,Steven Aggron
3576,3181,59106 22916,5975 41260,0xf1b5,0xf8a8,0xf1fe 0xf8a8 0x7089 0xf8a8,6,1,Ruben Graveler
3576,3182,59106 22916,41260 41984,0x47ce,0xfd84,0x46ad 0xfd84 0xbfbb 0xfd84,5,1,Caroline Mawile
3576,3183,59106 22916,41984 32897,0x42e2,0xd905,0x429a 0xd905 0xa132 0xd905,2,1,Isaiah Staryu
3576,3183,59106 22916,41984 32897,0x429a,0xd905,0x43c7 0xd984 0x42df 0xd96e,2,1,Katelyn Staryu
3576,3190,59106 22916,30414 9084,0x902c,0x7af8,0x907e 0x7af8 0x266c 0x7af8,11,1,Gabby & Ty 5 Magneton
3576,3196,59106 22916,50348 62242,0x22ff,0xaaa6,0x222b 0xaac2 0x235f 0xaa5e,4,0,Alex Natu
3576,3214,59106 22916,54517 25775,0x3326,0x3d2b,0x3275 0x3d3a 0x327f 0x3c30,7,0,Rival 4 Swellow
3576,3216,59106 22916,32244 58070,0x9a2f,0xbb52,0x9bec 0xba64 0x9a76 0xbb64,3,0,Rival 4 Wailmer
3576,3228,59106 22916,10943 30368,0xcc5d,0x2f24,0xcc15 0x2f24 0x5d2b 0x2f24,1,0,Henry Tentacool
3576,3228,59106 22916,10943 30368,0xcc15,0x2f24,0xccd9 0x2f17 0xcc60 0x2f07,1,0,Wayne Tentacool 1-2
3576,3247,59106 22916,52244 10389,0x2a41,0x7111,0x2ad1 0x7126 0x2a3b 0x712c,12,1,Missy Marill
3576,3254,59106 22916,23741 10652,0xbb7e,0x7018,0xba78 0x7005 0xba43 0x7124,4,1,Neal Linoone
3576,3256,59106 22916,56982 40120,0x3954,0xc53c,0x3853 0xc521 0x3868 0xc400,8,1,Larry Zigzagoon
3576,3272,59106 22916,46317 37554,0x5323,0xcb36,0x520e 0xcb5c 0x5245 0xca3d,8,1,Ruben Shiftry
3576,3274,59106 22916,58583 45103,0x027d,0xe9ab,0x02b1 0xe998 0x0208 0xe988,2,1,Jonah Tentacool
3576,3280,59106 22916,5581 34291,0xf272,0xdc77,0xf377 0xdc24 0xf3ba 0xdd35,2,1,Cameron Solrock
3576,3281,59106 22916,34291 13550,0x6236,0x6d6a,0x633c 0x6d2d 0x621a 0x6d5c,4,1,Jenna Lotad
3576,3282,59106 22916,13550 28799,0xd337,0x2970,0xd22b 0x292e 0xd223 0x29f8,1,0,Miguel Skitty
3576,3285,59106 22916,33592 24758,0x658b,0x3932,0x64e5 0x3913 0x658e 0x3902,1,0,Jasmine Magnemite 1-2
3576,3292,59106 22916,24166 10806,0xb8e9,0x73b2,0xb80f 0x7393 0xb8ff 0x73b2,8,1,Lao Koffing 2
3576,3311,59106 22916,56095 44803,0x3dfd,0xf687,0x3d4a 0xf687 0x389b 0xf687,12,1,Simon/Lydia Marill
3576,3320,59106 22916,55722 61846,0x3f3e,0xa812,0x3f08 0xa835 0x3e12 0xa822,4,0,Lydia Goldeen
3576,3321,59106 22916,61846 45204,0x173d,0xe910,0x1747 0xe92d 0x1757 0xe960,8,1,Owen Tentacruel
3576,3329,59106 22916,57195 42424,0x3800,0xfc3c,0x38d2 0xfc62 0x3897 0xfcc4,7,1,Alexis Kirlia
3576,3333,59106 22916,43467 32887,0x4f32,0xd9f3,0x4f72 0xd9ef 0x4f01 0xd950,4,1,Drew Sandshrew
3576,3333,59106 22916,43467 32887,0x4e1c,0xd9f3,0x4f19 0xd9e2 0x4f1f 0xd991,4,1,Grace/Ernest/Dean Wingull
3576,3334,59106 22916,32887 157,0x67ce,0x5919,0x66e4 0x59eb 0x6797 0x5923,9,1,Glacia Glalie 1
3576,3345,59106 22916,52145 45962,0x2d48,0xea0e,0x2d7b 0xea12 0x2d59 0xea55,8,1,Cliff Sandshrew
3576,3349,59106 22916,55197 57716,0x3056,0xb8f0,0x3049 0xb8dd 0x3138 0xb9fb,8,0,Michelle Ludicolo
3576,3359,59106 22916,24951 15772,0x86c2,0x6496,0x87ac 0x643a 0x87ae 0x6551,8,1,Glacia Walrein
3576,3366,59106 22916,15769 30506,0xda5f,0x2eae,0xdb6b 0x2ee0 0xdb91 0x2ee6,4,0,Donald Beautifly
3576,3376,59106 22916,44810 43840,0x49e8,0xf2c4,0x49f3 0xf2c4 0x666f 0xf2c4,1,1,Heidi Sandshrew
3576,3382,59106 22916,46729 38038,0x5159,0xcd12,0x502c 0xcd33 0x5025 0xcd5b,8,1,Vivi Shroomish
3576,3388,59106 22916,20535 1230,0xb7f5,0x5d24,0xb6f4 0x5d67 0xb6f2 0x5d4a,8,1,Winston/Cindy Zigzagoon
3576,3388,59106 22916,20535 1230,0xb6d5,0x5d4a,0xb687 0x5d4a 0xdfad 0x5d4a,4,1,Gabby & Ty 3 Magneton
3576,3394,59106 22916,33490 17355,0x6482,0x1a4f,0x6455 0x1a2b 0x6521 0x1ab7,4,0,Benny Xatu
3576,3397,59106 22916,22485 41258,0xb166,0xf8ae,0xb116 0xf8fa 0xb107 0xf89f,7,1,Benjamin/Abigail Magnemite
3576,3407,59106 22916,32969 3243,0x662b,0x552f,0x67a6 0x55a1 0x4a4b 0x552c,2,1,Drake Salamence
3576,3460,59106 22916,51884 45364,0x2d77,0xe8b0,0x2cb4 0xe986 0x2d2e 0xe886,8,1,Grace/Susie Wailmer
3576,3460,59106 22916,51884 45364,0x2c36,0xe8b0,0x2d6b 0xe831 0x2c73 0xe8db,4,1,Caleb Staryu 1-4
3576,3480,59106 22916,31308 52002,0x9cae,0x92a6,0x9d95 0x92a6 0x99c8 0x92a6,2,0,Lydia Skitty
3576,3491,59106 22916,48334 32915,0x5bac,0xd917,0x5a7b 0xd94e 0x5a60 0xd846,9,1,Steven Aggron
3576,3495,59106 22916,19842 56880,0xab60,0x87b4,0xaa5e 0x87b4 0x8f4d 0x87b4,1,0,Eric Baltoy 1-2
3576,3503,59106 22916,46213 51427,0x5309,0x9167,0x536f 0x907e 0x5348 0x91de,1,0,Kate & Joy Slaking
3576,3514,59106 22916,5615 42204,0xf30d,0xfd58,0xf23c 0xfd58 0xb8de 0xfd58,10,1,Colin Swellow
3576,3536,59106 22916,11630 62252,0xcbc4,0xaaa8,0xcba4 0xaa98 0xcb8c 0xaaa8,2,0,Andrew Tentacool
3576,3538,59106 22916,56897 49498,0x3996,0x98de,0x3894 0x98ee 0x38b2 0x98e8,4,0,Missy Wingull
3576,3544,59106 22916,63451 54325,0x101f,0x8db1,0x1129 0x8d07 0x11d5 0x8d8d,1,0,Taylor Dustox
3576,3550,59106 22916,24758 49573,0x8732,0x9821,0x867b 0x983e 0x868f 0x9817,2,0,Robert Swablu
3576,3556,59106 22916,25519 41259,0x8478,0xf8af,0x857d 0xf8be 0x857b 0xf8cd,10,1,Reli & Ian Wingull
3576,3562,59106 22916,41395 45296,0x471b,0xe974,0x473e 0xe858 0x4709 0xe9aa,9,1,Mike Geodude 1-2
3576,3562,59106 22916,41395 45296,0x471b,0xe974,0x473e 0xe858 0x4709 0xe9aa,9,1,Mike Machop
3576,3564,59106 22916,16502 32310,0xa7ad,0x27b2,0xa659 0x2748 0xa7a2 0x26d2,4,0,Clarissa Wailmer
3576,3576,59106 22916,22916 59106,0xbe56,0xbf66,0xbf26 0xbf4b 0xbf66 0xbf66,7,0,Allen Taillow
3576,3582,59106 22916,56827 38879,0x3a2c,0xce5b,0x3b29 0xce4a 0x3b2f 0xce39,9,1,Chad Wingull
3576,3595,59106 22916,38693 8690,0x70ac,0x7876,0x709e 0x783f 0x710d 0x782a,4,1,Wally Rematch 1 Roselia
3576,3606,59106 22916,62277 41968,0x15a7,0xfa74,0x148a 0xfa74 0x3ec0 0xfa74,8,1,Lung Nincada
3576,3622,59106 22916,50049 42387,0x242a,0xfc17,0x247c 0xfd77 0x258c 0xfc7e,6,1,Jennifer Milotic
3576,3626,59106 22916,16637 47926,0xa65c,0xe2b2,0xa61d 0xe2f7 0xa6de 0xe3a5,12,1,Duncan Machoke
3576,3639,59106 22916,35958 3741,0x6baf,0x5792,0x6b86 0x57d5 0x6a2d 0x57ce,8,1,Colton Skitty 5
3576,3641,59106 22916,55273 33981,0x3065,0xdd39,0x3003 0xdc20 0x3024 0xdd80,4,1,Kate & Joy Slaking
3576,3641,59106 22916,55273 33981,0x3072,0xdd39,0x316c 0xdd5c 0x31a5 0xdd8d,3,1,Tasha Shuppet
3576,3671,59106 22916,43580 41694,0x4db9,0xfb5a,0x4d92 0xfb81 0x4c3f 0xfa07,3,1,Wally Rematch 1 Altaria
3576,3672,59106 22916,41694 44756,0x443c,0xf750,0x448b 0xf750 0x5153 0xf750,1,1,Nancy Marill
3576,3678,59106 22916,31772 60440,0x9a4c,0xb59c,0x9a9b 0xb5f8 0x9bef 0xb564,4,0,Benny Xatu
3576,3682,59106 22916,2739 10737,0xed37,0x7075,0xec7c 0x7143 0xec7e 0x706a,12,1,Diana Swablu
3576,3719,59106 22916,56054 58718,0x3c5e,0xbcda,0x3c7b 0xbdf6 0x3c4c 0xbc04,1,0,Trent Geodude 1-4
3576,3732,59106 22916,58963 46132,0x01e6,0xed3e,0x0088 0xed92 0x008a 0xecf9,12,1,Glacia Walrein
3576,3737,59106 22916,17632 48459,0xa360,0xe4cf,0xa22f 0xe499 0xa260 0xe5c1,4,1,Amy & Liv Minun
3576,3742,59106 22916,6578 42283,0xffd1,0xfcaf,0xffc6 0xfc8e 0xff50 0xfcaf,1,1,Roger Magikarp 2
3576,3764,59106 22916,64692 14557,0x1a56,0x6159,0x1b6f 0x6159 0x6f94 0x6159,8,1,Nikki Wailmer
3576,3788,59106 22916,17169 28758,0xa5f3,0x29d2,0xa497 0x29d2 0xe910 0x29d2,4,0,Cora Meditite
3576,3806,59106 22916,47327 41252,0x5e3d,0xf8a0,0x5e75 0xf8a0 0x5842 0xf8a0,2,1,Dwayne Tentacool
3576,3807,59106 22916,41252 57249,0x478d,0x8625,0x479e 0x86fb 0x47be 0x86e8,1,0,Warren Graveler
3576,3814,59106 22916,45159 48456,0x57fc,0xe4cc,0x56e2 0xe4a9 0x562b 0xe478,1,1,Kindra Shuppet
3576,3815,59106 22916,48456 34558,0x5a9b,0xdf7a,0x5bde 0xdf18 0x5bbb 0xdf12,11,1,Hugh Swellow
3576,3833,59106 22916,58545 38089,0x0253,0xcd4d,0x022a 0xcd4d 0xd915 0xcd4c,9,1,Leroy Starmie
3576,3848,59106 22916,63916 120,0x1e7c,0x59fc,0x1f6f 0x59b2 0x1f07 0x59b4,1,1,Diana Shroomish
3576,3851,59106 22916,54386 44604,0x33e2,0xf7b8,0x3291 0xf745 0x33a6 0xf6e8,4,1,Gabby & Ty 1 Whismur
3576,3851,59106 22916,54386 44604,0x33ae,0xf7b8,0x3275 0xf705 0x32ac 0xf685,8,1,Heidi Baltoy
3576,3851,59106 22916,54386 44604,0x33da,0xf7b8,0x32f3 0xf7cc 0x3228 0xf74a,4,1,David/Barny Carvanha
3576,3851,59106 22916,54386 44604,0x3319,0xf7b8,0x33cb 0xf7e6 0x338e 0xf740,2,1,Alexis Kirlia
3576,3851,59106 22916,54386 44604,0x33a6,0xf7b8,0x32a6 0xf70e 0x326e 0xf6b8,6,1,Leonard Pelipper
3576,3856,59106 22916,58686 42537,0x03dc,0xffad,0x035d 0xffad 0x800a 0xffad,1,1,Eugene Magikarp
3576,3876,59106 22916,41205 9187,0x4617,0x7a67,0x460b 0x7a67 0x13d7 0x7a67,9,1,Chip Sandslash
3576,3878,59106 22916,30045 58081,0x92c1,0xbb65,0x939e 0xbb0f 0x9302 0xbb78,7,0,Isaac Aron
3576,3882,59106 22916,60707 3720,0x0aeb,0x570c,0x0bb4 0x5766 0x0bc1 0x570c,8,1,Billy Seedot
3576,3898,59106 22916,60798 47728,0x0af5,0xe3f4,0x0b5d 0xe2c2 0x0bf1 0xe310,1,1,Kindra Duskull
3576,3898,59106 22916,60798 47728,0x0ace,0xe3f4,0x0b4d 0xe2c8 0x0bb2 0xe3d8,1,1,Tucker Manectric 1-2
3576,3900,59106 22916,64934 54024,0x1b44,0x8a8c,0x1acf 0x8a8c 0xca1d 0x8a8c,1,0,Aaron Bagon
3576,3901,59106 22916,54024 41563,0x3498,0xfbdf,0x35eb 0xfb22 0x34dc 0xfa8f,10,1,Tori & Tia Whismur 1-2
3576,3913,59106 22916,63837 46662,0x1efa,0xefc2,0x1f88 0xefa3 0x1f9b 0xef17,1,1,Dana/Laurel/Tisha Luvdisc
3576,3927,59106 22916,26908 21364,0x8fbe,0x0af0,0x8fc2 0x0a83 0x8f97 0x0a08,2,0,Kayla Kadabra
3576,3927,59106 22916,26908 21364,0x8ed8,0x0af0,0x8f48 0x0a1c 0x8fc2 0x0ae2,2,0,Miu & Yuki Dustox
3576,3928,59106 22916,21364 34037,0xb4dc,0xdd71,0xb5f5 0xdd05 0xb52e 0xdd83,1,1,David/Barny Carvanha
3576,3932,59106 22916,6166 44625,0xffcf,0xf7d5,0xfe21 0xf7fa 0xfef7 0xf6c7,4,1,Martha Skitty
3576,3936,59106 22916,4964 11312,0xf586,0x75b4,0xf4e5 0x75b4 0x0df3 0x75b4,4,1,Caroline Mawile
3576,3950,59106 22916,51831 1906,0x2db5,0x5e98,0x2cb4 0x5edb 0x2cb2 0x5ef6,3,1,Winston/Cindy Zigzagoon
3576,3970,59106 22916,55832 35990,0x3d78,0xd512,0x3c16 0xd570 0x3ddc 0xd456,1,1,Greg Volbeat
3576,3977,59106 22916,12441 34689,0xd749,0xde05,0xd635 0xde4c 0xd633 0xde18,11,1,Violet Shroomish
3576,3986,59106 22916,6106 12988,0xf17a,0x6b38,0xf17b 0x6b13 0xf14c 0x6b3a,8,1,Brice Machop
3576,3989,59106 22916,52249 9224,0x2bd9,0x7d8c,0x2ada 0x7ddd 0x2afb 0x7d8c,9,1,Rick Wurmple 1-2
3576,3992,59106 22916,48492 41250,0x5ac6,0xf8a6,0x5b18 0xf887 0x5b8e 0xf8a6,12,1,Eugene Feebas
